#{"t_start": 1649801445.6609292, "env_id": null}
r,l,t
-300.0,300,5.976061
-300.0,300,9.934934
-300.0,300,13.208758
-300.0,300,16.840842
-300.0,300,19.843094
-300.0,300,23.162598
-300.0,300,27.034379
-300.0,300,30.769181
-300.0,300,33.820771
-300.0,300,37.408072
-247.0,273,46.465566
41.0,50,47.058852
-385.0,300,50.71231
92.0,9,50.79628
93.0,8,50.895343
-375.0,300,54.566935
-380.0,300,58.137368
93.0,8,58.292295
91.0,10,58.399944
94.0,7,58.479424
-385.0,300,62.141053
95.0,6,62.249945
33.0,53,62.811802
-375.0,300,66.379595
94.0,7,66.457166
92.0,9,66.548993
-385.0,300,73.713364
83.0,18,74.02535
0.0,81,75.084075
-375.0,300,78.793326
-380.0,300,82.474966
-385.0,300,85.720183
-385.0,300,88.921649
-12.0,93,90.185279
-85.0,146,91.991068
-380.0,300,95.537874
-90.0,151,100.774611
95.0,6,100.903521
92.0,9,101.088922
95.0,6,101.274989
95.0,6,101.369882
88.0,13,101.572259
88.0,13,101.82101
94.0,7,101.945523
92.0,9,102.100809
95.0,6,102.194839
92.0,9,102.302998
95.0,6,102.396584
94.0,7,102.646691
95.0,6,102.709726
-385.0,300,106.366059
93.0,8,106.454241
-380.0,300,110.030563
95.0,6,110.103918
-385.0,300,113.705633
2.0,79,114.707951
-375.0,300,118.136482
95.0,6,118.214682
-385.0,300,122.205976
74.0,22,122.480597
-385.0,300,129.539068
-390.0,300,133.186053
93.0,8,133.29382
93.0,8,133.390731
74.0,22,133.637003
93.0,8,133.823231
93.0,8,133.99479
95.0,6,134.120019
-390.0,300,137.579213
-137.0,188,139.648494
92.0,9,139.850611
90.0,11,140.098363
93.0,8,140.190879
-395.0,300,143.629724
95.0,6,143.661723
42.0,49,144.291535
95.0,6,144.353535
94.0,7,144.565979
-11.0,87,145.535279
94.0,7,145.628462
-385.0,300,149.154475
95.0,6,149.21159
91.0,10,149.461329
95.0,6,149.554705
-67.0,133,151.142609
74.0,22,151.485948
-385.0,300,158.199883
-380.0,300,161.576648
91.0,10,161.690153
95.0,6,161.7494
95.0,6,161.877384
95.0,6,161.950549
94.0,7,162.043421
-395.0,300,165.301561
43.0,48,165.926819
-390.0,300,169.520311
33.0,53,170.17468
95.0,6,170.252664
95.0,6,170.394559
-390.0,300,173.807945
-380.0,300,177.575696
94.0,7,177.808961
95.0,6,177.965961
95.0,6,178.027961
-390.0,300,185.529351
93.0,8,185.635351
94.0,7,185.730711
95.0,6,185.822304
95.0,6,185.961459
66.0,30,186.475925
-395.0,300,190.357049
95.0,6,190.41919
95.0,6,190.506507
94.0,7,190.622245
95.0,6,190.746282
95.0,6,190.822938
-390.0,300,194.935535
-390.0,300,198.82079
95.0,6,198.883351
95.0,6,198.976212
95.0,6,199.054671
-395.0,300,202.746013
-395.0,300,206.163757
95.0,6,206.31785
-390.0,300,209.783678
42.0,49,213.739753
95.0,6,213.801753
-385.0,300,217.739089
-40.0,111,219.014801
94.0,7,219.093801
75.0,21,219.376893
-395.0,300,223.238201
-390.0,300,227.294019
95.0,6,227.373018
95.0,6,227.513689
-385.0,300,231.242769
95.0,6,231.351196
-390.0,300,235.273172
76.0,20,235.536262
94.0,7,235.676686
-390.0,300,239.567744
-236.0,267,246.254671
-70.0,136,248.009374
-11.0,87,248.913052
67.0,29,249.252841
-191.0,227,252.086961
95.0,6,252.212652
-26.0,97,253.564817
95.0,6,253.621001
-385.0,300,257.683161
-390.0,300,261.422788
95.0,6,261.557787
95.0,6,261.651975
32.0,54,262.401928
-269.0,290,265.977032
69.0,27,266.415736
-390.0,300,273.547254
94.0,7,273.719569
95.0,6,273.873809
33.0,53,274.493812
94.0,7,274.571783
95.0,6,274.756519
-380.0,300,278.360368
75.0,21,278.56746
94.0,7,278.65663
-145.0,196,281.029336
95.0,6,281.090351
95.0,6,281.214949
69.0,27,281.510379
95.0,6,281.667282
-12.0,88,282.914863
-45.0,111,284.438353
95.0,6,284.593727
95.0,6,284.732627
95.0,6,284.810652
-385.0,300,288.34943
-61.0,127,289.771065
76.0,20,290.00545
-385.0,300,293.294959
50.0,41,293.695306
44.0,47,294.175259
95.0,6,294.232403
-385.0,300,297.471543
95.0,6,300.889444
95.0,6,300.919447
95.0,6,300.967445
95.0,6,301.046446
95.0,6,301.186305
-13.0,89,302.30678
95.0,6,302.400279
-39.0,110,303.742516
-385.0,300,307.182019
-385.0,300,310.528419
95.0,6,310.622432
95.0,6,310.706325
95.0,6,310.769325
95.0,6,310.811469
95.0,6,310.889537
94.0,7,310.981766
95.0,6,311.037651
94.0,7,311.126306
95.0,6,311.172493
95.0,6,311.230159
-390.0,300,314.863836
95.0,6,314.966379
95.0,6,315.051266
-390.0,300,318.780266
-124.0,175,321.083227
-207.0,238,323.889261
95.0,6,323.972524
94.0,7,324.029524
-79.0,140,329.127529
95.0,6,329.189529
95.0,6,329.271529
-5.0,81,330.389574
70.0,26,330.670131
-166.0,207,333.437793
95.0,6,333.530285
95.0,6,333.607285
94.0,7,333.731682
-131.0,177,335.908068
95.0,6,336.005294
-395.0,300,339.80164
95.0,6,339.864537
-395.0,300,343.545388
95.0,6,343.62288
94.0,7,343.701276
95.0,6,343.793499
95.0,6,343.892384
-265.0,276,347.393553
-395.0,300,351.105498
95.0,6,351.184028
94.0,7,351.307636
10.0,71,352.206859
-390.0,300,359.312679
95.0,6,359.422403
91.0,10,359.546737
-390.0,300,363.096553
-385.0,300,367.017365
93.0,8,367.142365
-390.0,300,370.597512
-385.0,300,374.357465
95.0,6,374.466465
93.0,8,374.576516
69.0,27,374.997245
94.0,7,375.095246
95.0,6,375.177246
95.0,6,375.262246
-380.0,300,379.081837
95.0,6,379.189971
-385.0,300,382.816697
57.0,34,383.235178
95.0,6,383.312747
-380.0,300,391.238261
95.0,6,391.331262
95.0,6,391.409434
95.0,6,391.551064
95.0,6,391.713918
46.0,45,392.379517
52.0,39,393.032892
95.0,6,393.095582
-385.0,300,397.214183
95.0,6,397.338877
94.0,7,397.417878
-390.0,300,400.973022
95.0,6,401.042548
-385.0,300,404.495322
-390.0,300,408.327039
95.0,6,408.483675
-44.0,110,410.080185
93.0,8,410.186162
-380.0,300,413.787188
-380.0,300,421.486148
95.0,6,421.563137
-30.0,101,422.743272
-48.0,114,424.068182
95.0,6,424.135206
-390.0,300,428.034639
21.0,65,428.786814
48.0,43,429.311065
-385.0,300,432.950709
95.0,6,433.012708
95.0,6,433.088859
4.0,77,434.131404
95.0,6,434.222904
94.0,7,434.349108
95.0,6,434.426534
-385.0,300,438.430755
-385.0,300,442.26323
95.0,6,442.364256
-390.0,300,449.722176
32.0,54,450.452804
95.0,6,450.515519
-6.0,82,451.577964
93.0,8,451.719715
95.0,6,451.811638
37.0,49,452.46764
95.0,6,452.541925
93.0,8,452.666467
7.0,74,453.493246
95.0,6,453.551136
95.0,6,453.619406
95.0,6,453.697583
-390.0,300,457.472313
95.0,6,457.552657
95.0,6,457.614838
95.0,6,457.688821
32.0,54,458.361857
-380.0,300,461.694052
95.0,6,461.788203
95.0,6,461.927444
95.0,6,462.098757
-385.0,300,465.96071
-83.0,144,467.764268
95.0,6,467.842467
94.0,7,467.967054
75.0,21,468.231024
-26.0,97,469.463301
95.0,6,469.545775
-106.0,162,471.365036
10.0,76,472.190244
46.0,45,476.126275
28.0,58,477.07603
74.0,22,477.418319
31.0,55,478.226458
95.0,6,478.293498
95.0,6,478.366498
-51.0,117,479.877701
95.0,6,480.03426
95.0,6,480.127555
76.0,20,480.423845
-390.0,300,484.394999
95.0,6,484.535673
32.0,54,485.205007
95.0,6,485.290177
76.0,20,485.516711
95.0,6,485.654855
-390.0,300,489.273894
95.0,6,489.330926
95.0,6,489.423604
94.0,7,489.532433
26.0,60,490.217869
95.0,6,490.295231
95.0,6,490.371898
94.0,7,490.545135
95.0,6,490.607255
95.0,6,490.700743
68.0,28,491.105108
-114.0,165,493.234197
95.0,6,493.405205
-52.0,118,494.86588
95.0,6,494.933312
95.0,6,495.009794
-385.0,300,498.815838
90.0,11,498.976475
25.0,61,499.72235
94.0,7,499.832314
95.0,6,499.910455
76.0,20,500.159851
93.0,8,500.238416
32.0,54,501.046867
95.0,6,501.141718
56.0,35,501.530835
-380.0,300,509.246799
95.0,6,509.341785
95.0,6,509.425052
-27.0,98,510.777729
93.0,8,510.886447
-375.0,300,514.59691
-375.0,300,518.651268
93.0,8,518.755898
-12.0,88,519.939343
28.0,58,520.647186
95.0,6,520.72005
75.0,21,520.970135
-87.0,148,522.677666
56.0,35,523.066515
-48.0,114,524.454756
44.0,47,525.013709
30.0,56,525.714783
95.0,6,525.793052
95.0,6,525.871208
-380.0,300,529.555255
12.0,69,530.310399
95.0,6,530.398628
-56.0,122,531.842857
0.0,81,536.235734
95.0,6,536.376415
95.0,6,536.468263
-380.0,300,539.927957
95.0,6,539.990018
94.0,7,540.07928
94.0,7,540.233387
27.0,59,540.932598
22.0,64,541.849351
95.0,6,541.959683
95.0,6,542.06874
94.0,7,542.161416
95.0,6,542.253316
-15.0,91,543.342342
-17.0,93,544.554638
95.0,6,544.647137
94.0,7,544.741633
-33.0,109,545.985535
-375.0,300,549.466119
95.0,6,549.573837
95.0,6,549.64232
95.0,6,549.713976
94.0,7,549.838976
69.0,27,550.180913
73.0,23,550.4272
-3.0,84,551.451457
75.0,21,551.745561
94.0,7,551.824563
95.0,6,551.887306
14.0,72,552.799714
71.0,25,553.110149
95.0,6,553.188249
3.0,78,554.082395
-38.0,109,555.389097
43.0,48,555.949732
95.0,6,556.057006
-36.0,112,557.380323
93.0,8,557.489279
94.0,7,557.597817
1.0,80,558.575105
57.0,34,559.028982
-365.0,300,566.315441
95.0,6,566.363316
91.0,10,566.482997
95.0,6,566.591999
95.0,6,566.686999
-8.0,89,567.638303
26.0,60,568.393249
95.0,6,568.546028
95.0,6,568.654702
20.0,66,569.391453
95.0,6,569.546242
94.0,7,569.638254
95.0,6,569.747527
94.0,7,569.824091
95.0,6,569.978582
-375.0,300,573.724947
94.0,7,573.908936
69.0,27,574.310565
95.0,6,574.435383
51.0,40,574.980895
59.0,37,575.450226
95.0,6,575.54352
94.0,7,575.620545
95.0,6,575.698847
71.0,25,576.025632
-26.0,97,577.189401
95.0,6,577.283624
28.0,58,578.140392
-380.0,300,581.70186
95.0,6,581.794913
67.0,29,582.246246
50.0,41,582.739281
94.0,7,582.806225
94.0,7,582.895731
92.0,9,583.056165
76.0,20,583.255232
50.0,41,583.701327
73.0,23,583.951275
26.0,60,584.656283
95.0,6,584.742845
94.0,7,584.851903
95.0,6,584.944906
45.0,46,585.501256
7.0,74,586.32492
93.0,8,586.449668
71.0,25,586.779359
69.0,27,587.135153
4.0,77,588.120792
-18.0,94,589.16031
94.0,7,589.250044
-55.0,126,594.315989
51.0,40,594.843543
95.0,6,594.936042
94.0,7,595.107273
26.0,65,595.958405
43.0,48,596.690093
27.0,59,597.48361
95.0,6,597.562611
-44.0,115,599.100431
95.0,6,599.209167
94.0,7,599.364399
95.0,6,599.460434
95.0,6,599.5504
95.0,6,599.643782
-29.0,105,601.093071
95.0,6,601.164411
93.0,8,601.273553
95.0,6,601.429084
-5.0,86,602.489352
94.0,7,602.582848
76.0,20,602.878462
94.0,7,603.001371
-85.0,151,604.794919
57.0,34,605.194424
93.0,8,605.288958
41.0,50,605.971625
70.0,26,606.321442
95.0,6,606.407981
-47.0,118,607.833843
51.0,40,608.48829
60.0,36,609.00474
2.0,79,610.016662
55.0,36,610.451559
-36.0,107,611.675967
40.0,51,612.314478
69.0,27,612.656745
92.0,9,612.796054
-64.0,135,614.415014
51.0,40,614.897098
95.0,6,614.974098
74.0,22,615.288367
94.0,7,615.393021
93.0,8,615.579505
71.0,25,615.903125
95.0,6,616.058807
70.0,26,616.41483
94.0,7,616.522693
-2.0,83,617.672061
95.0,6,617.828193
94.0,7,617.982753
94.0,7,618.156213
70.0,26,618.579454
92.0,9,618.684828
-45.0,121,620.196112
44.0,47,620.864689
11.0,70,625.338337
42.0,49,626.050691
75.0,21,626.376268
94.0,7,626.468344
93.0,8,626.59194
95.0,6,626.733019
95.0,6,626.79516
-47.0,123,628.393992
93.0,8,628.500238
39.0,52,629.120391
95.0,6,629.213712
17.0,64,629.975769
15.0,71,630.830056
50.0,41,631.279831
22.0,64,632.089965
-27.0,103,633.348392
95.0,6,633.471236
-28.0,104,634.778611
95.0,6,634.903213
95.0,6,635.011031
-7.0,88,636.096722
95.0,6,636.178833
95.0,6,636.242601
95.0,6,636.315097
95.0,6,636.42739
95.0,6,636.516026
6.0,75,637.496324
94.0,7,637.601198
32.0,54,638.285446
93.0,8,638.393579
95.0,6,638.461567
25.0,61,639.214415
-1.0,82,640.228268
19.0,67,641.065933
67.0,29,641.406927
95.0,6,641.515348
95.0,6,641.608108
95.0,6,641.686078
38.0,48,642.246524
94.0,7,642.324032
95.0,6,642.432324
95.0,6,642.559739
72.0,24,642.835665
71.0,25,643.19045
95.0,6,643.299618
93.0,8,643.407888
15.0,71,644.196393
69.0,27,644.512164
-74.0,140,646.15403
94.0,7,646.290899
94.0,7,646.390974
74.0,22,646.608204
95.0,6,646.680669
94.0,7,646.803757
-18.0,99,647.974369
42.0,49,648.572761
51.0,40,649.038046
95.0,6,649.09938
92.0,9,649.222703
90.0,11,649.394084
24.0,62,650.133964
93.0,8,650.251045
76.0,20,653.931075
94.0,7,653.993593
92.0,9,654.101208
74.0,22,654.352839
70.0,26,654.724825
93.0,8,654.833106
95.0,6,654.927554
94.0,7,655.068374
69.0,27,655.437959
95.0,6,655.56178
95.0,6,655.654294
94.0,7,655.730587
93.0,8,655.871906
3.0,78,656.816945
95.0,6,656.925166
95.0,6,656.987247
-14.0,90,658.182961
94.0,7,658.275784
95.0,6,658.362782
94.0,7,658.462957
95.0,6,658.586453
68.0,28,659.003886
32.0,54,659.687179
95.0,6,659.768199
95.0,6,659.846489
37.0,49,660.446965
94.0,7,660.524977
94.0,7,660.60234
94.0,7,660.679458
92.0,9,660.808496
32.0,54,661.538537
42.0,49,662.109055
95.0,6,662.234119
95.0,6,662.295696
95.0,6,662.407009
94.0,7,662.488417
95.0,6,662.559824
94.0,7,662.697383
-11.0,92,663.75355
27.0,59,664.467107
76.0,20,664.700397
95.0,6,664.763072
95.0,6,664.824502
94.0,7,664.902183
95.0,6,665.073453
95.0,6,665.151107
94.0,7,665.243581
-16.0,92,666.316269
93.0,8,666.418489
55.0,36,666.857122
69.0,27,667.230327
57.0,34,667.634127
95.0,6,667.728364
5.0,81,668.753081
-115.0,171,670.852443
75.0,21,671.068058
75.0,21,671.300002
28.0,58,671.953423
40.0,51,672.55745
40.0,51,673.131053
94.0,7,673.223219
95.0,6,673.301655
95.0,6,673.42573
50.0,41,673.940759
95.0,6,674.014908
95.0,6,674.078345
-186.0,232,676.556579
45.0,46,677.117251
24.0,62,677.880023
-53.0,129,682.8595
-1.0,82,683.982023
95.0,6,684.10884
94.0,7,684.199741
68.0,28,684.526173
95.0,6,684.592838
95.0,6,684.68219
39.0,52,685.446509
94.0,7,685.539061
68.0,28,685.960217
45.0,46,686.579542
-23.0,99,687.834669
94.0,7,687.940435
23.0,63,688.684599
95.0,6,688.787319
95.0,6,688.855428
62.0,34,689.287221
95.0,6,689.357451
76.0,20,689.586353
47.0,44,690.133306
70.0,26,690.443479
90.0,11,690.582296
76.0,20,690.843222
95.0,6,690.9247
65.0,31,691.342541
14.0,72,692.322446
67.0,29,692.632782
94.0,7,692.726524
37.0,49,693.438399
25.0,66,694.233033
95.0,6,694.28052
95.0,6,694.418765
45.0,46,695.006002
48.0,43,695.532154
33.0,53,696.280042
95.0,6,696.353201
94.0,7,696.537725
95.0,6,696.606287
27.0,59,697.333212
69.0,27,697.618566
70.0,26,697.926944
39.0,52,698.620369
11.0,75,699.535707
95.0,6,699.581276
95.0,6,699.659594
95.0,6,699.736977
93.0,8,699.844448
66.0,30,700.217529
95.0,6,700.295469
95.0,6,700.372596
50.0,41,700.906717
94.0,7,701.011031
20.0,66,701.853592
69.0,27,702.183507
94.0,7,702.273502
68.0,28,702.613437
95.0,6,702.675577
95.0,6,702.737097
93.0,8,702.831422
92.0,9,702.987646
95.0,6,703.079713
69.0,27,703.436812
68.0,28,703.751744
95.0,6,703.82447
74.0,22,704.093333
72.0,24,704.401691
12.0,74,705.279974
95.0,6,705.333415
91.0,10,705.489201
95.0,6,705.566546
75.0,21,705.892926
67.0,29,706.252184
94.0,7,706.325407
95.0,6,706.406609
40.0,51,707.009401
95.0,6,707.087149
95.0,6,707.154964
95.0,6,707.242338
94.0,7,707.367236
95.0,6,707.445529
94.0,7,707.508356
91.0,10,707.648183
44.0,47,708.20626
95.0,6,708.280416
89.0,12,708.511997
95.0,6,708.604486
71.0,25,712.569215
95.0,6,712.725274
95.0,6,712.804411
93.0,8,713.022682
15.0,71,713.96664
95.0,6,714.060077
87.0,14,714.292752
30.0,61,715.088181
73.0,23,715.369126
94.0,7,715.525
94.0,7,715.618796
95.0,6,715.681464
93.0,8,715.791533
38.0,53,716.440529
94.0,7,716.533349
95.0,6,716.59523
68.0,28,716.934577
43.0,48,717.587432
95.0,6,717.680885
50.0,41,718.176849
44.0,52,718.831589
46.0,45,719.361244
63.0,33,719.779059
59.0,37,720.224316
70.0,26,720.541365
69.0,27,720.911372
24.0,62,721.675715
63.0,33,722.159726
38.0,53,722.843879
95.0,6,722.935637
94.0,7,723.002131
95.0,6,723.090313
95.0,6,723.156611
73.0,23,723.448671
91.0,10,723.604263
95.0,6,723.759709
95.0,6,723.868392
29.0,62,724.614893
73.0,23,724.909401
95.0,6,724.988367
94.0,7,725.081426
95.0,6,725.157938
33.0,58,725.901264
92.0,9,726.010105
19.0,67,726.818286
94.0,7,726.925967
74.0,22,727.190236
69.0,27,727.485315
93.0,8,727.658431
94.0,7,727.740228
95.0,6,727.815848
66.0,30,728.156196
69.0,27,728.497761
95.0,6,728.575772
92.0,9,728.731462
95.0,6,728.808033
93.0,8,728.962418
95.0,6,729.055838
94.0,7,729.149704
94.0,7,729.27351
69.0,27,729.692398
76.0,20,729.91367
93.0,8,729.98809
94.0,7,730.112527
95.0,6,730.189226
95.0,6,730.251177
41.0,50,730.917588
94.0,7,731.027239
76.0,20,731.267074
95.0,6,731.33851
95.0,6,731.400736
95.0,6,731.47899
95.0,6,731.57315
95.0,6,731.640678
55.0,41,732.129468
94.0,7,732.239623
59.0,37,732.751164
94.0,7,732.860168
61.0,35,733.323788
94.0,7,733.426078
73.0,23,733.710392
93.0,8,733.828368
92.0,9,733.92856
95.0,6,734.00502
95.0,6,734.081378
35.0,56,734.840091
95.0,6,734.934339
56.0,40,735.425722
70.0,26,735.712287
94.0,7,735.770521
64.0,32,736.120479
95.0,6,736.20742
65.0,31,736.563605
95.0,6,736.641906
66.0,30,737.003191
94.0,7,737.0822
74.0,22,737.32541
95.0,6,737.418567
95.0,6,737.511398
95.0,6,737.605092
89.0,12,737.744896
95.0,6,737.877511
68.0,28,738.203347
65.0,31,738.573396
94.0,7,738.640861
68.0,28,739.000087
95.0,6,742.733136
75.0,21,743.048943
94.0,7,743.106043
92.0,9,743.231212
95.0,6,743.307782
93.0,8,743.417062
27.0,59,744.187316
95.0,6,744.249374
95.0,6,744.373628
95.0,6,744.45134
95.0,6,744.56417
-2.0,83,745.47436
56.0,40,746.016663
76.0,20,746.239006
95.0,6,746.328344
51.0,40,746.905879
68.0,28,747.251863
77.0,24,747.541019
42.0,49,748.162092
94.0,7,748.275017
95.0,6,748.333582
65.0,36,748.84523
68.0,28,749.142865
94.0,7,749.240021
71.0,25,749.561861
94.0,7,749.70125
95.0,6,749.809229
39.0,52,750.491128
95.0,6,750.569561
95.0,6,750.708447
72.0,24,751.038672
94.0,7,751.129179
95.0,6,751.223177
68.0,28,751.536932
84.0,17,751.75509
94.0,7,751.82153
41.0,50,752.426039
69.0,32,752.82078
95.0,6,752.883829
95.0,6,752.941236
38.0,53,753.562296
92.0,9,753.857892
95.0,6,753.93546
76.0,20,754.200304
95.0,6,754.341071
93.0,8,754.512067
94.0,7,754.610106
64.0,32,755.031219
93.0,8,755.133088
95.0,6,755.227112
95.0,6,755.320128
93.0,8,755.489032
93.0,8,755.602153
65.0,31,756.002724
92.0,9,756.114605
94.0,7,756.192341
75.0,21,756.476101
89.0,12,756.634973
95.0,6,756.704389
92.0,9,756.801912
95.0,6,756.855217
91.0,10,756.983551
94.0,7,757.044492
95.0,6,757.099269
80.0,21,757.339252
40.0,51,757.95191
45.0,46,758.513223
74.0,22,758.74176
36.0,55,759.489061
62.0,34,759.895092
95.0,6,760.036235
92.0,9,760.160146
36.0,55,760.874276
47.0,44,761.484086
67.0,34,761.884148
95.0,6,761.968248
91.0,10,762.100121
94.0,7,762.20773
95.0,6,762.284351
91.0,10,762.423022
90.0,11,762.640395
42.0,49,763.215285
95.0,6,763.324262
93.0,8,763.468145
33.0,58,764.180447
95.0,6,764.273215
56.0,40,764.801998
93.0,8,764.880453
94.0,7,764.97402
70.0,26,765.268162
91.0,10,765.393074
68.0,28,765.719709
69.0,27,766.11918
94.0,7,766.212286
70.0,26,766.554272
13.0,73,767.424062
65.0,31,767.89002
95.0,6,767.982963
95.0,6,768.059887
95.0,6,768.137422
20.0,71,768.991031
64.0,32,772.95926
94.0,7,773.052258
91.0,10,773.270958
95.0,6,773.348893
68.0,28,773.676917
85.0,16,773.862576
68.0,28,774.26853
74.0,22,774.569341
36.0,55,775.219433
92.0,9,775.391205
26.0,70,776.350783
35.0,56,777.078357
95.0,6,777.21759
94.0,7,777.356954
95.0,6,777.434417
93.0,8,777.542004
37.0,54,778.243138
93.0,8,778.413175
88.0,13,778.538404
60.0,36,779.052795
94.0,7,779.151811
94.0,7,779.240842
17.0,79,780.238841
27.0,64,781.065872
67.0,29,781.425876
95.0,6,781.549906
95.0,6,781.627876
94.0,7,781.721907
55.0,41,782.292877
94.0,7,782.394613
92.0,9,782.549607
95.0,6,782.674605
42.0,54,783.374609
53.0,43,783.919611
94.0,7,784.012577
91.0,10,784.121108
15.0,76,785.148685
94.0,7,785.272428
95.0,6,785.3983
94.0,7,785.476351
91.0,10,785.649914
93.0,8,785.732956
94.0,7,785.827131
95.0,6,785.915974
61.0,35,786.337526
89.0,12,786.507879
95.0,6,786.616989
56.0,40,787.100185
94.0,7,787.223906
35.0,56,787.942357
55.0,41,788.471004
9.0,77,789.468783
47.0,49,790.104094
70.0,26,790.426829
93.0,8,790.529286
94.0,7,790.628268
94.0,7,790.700228
55.0,41,791.249336
95.0,6,791.321265
95.0,6,791.404229
6.0,85,792.481782
94.0,7,792.567383
60.0,36,793.047497
56.0,40,793.608043
67.0,29,793.973221
63.0,33,794.356211
71.0,25,794.669273
41.0,50,795.384286
94.0,7,795.481598
95.0,6,795.553763
76.0,20,795.80347
-2.0,83,796.829484
82.0,19,797.106272
93.0,8,797.205022
94.0,7,797.345114
94.0,7,797.468613
56.0,40,797.950373
76.0,20,798.230088
48.0,43,798.731459
93.0,8,798.819159
94.0,7,798.901153
95.0,6,798.975005
46.0,50,799.623353
43.0,48,803.975204
60.0,36,804.568012
92.0,9,804.738216
73.0,28,805.220146
70.0,26,805.669172
68.0,28,806.026145
95.0,6,806.097495
95.0,6,806.179969
70.0,31,806.646124
95.0,6,806.754395
93.0,8,806.86353
95.0,6,806.939016
44.0,52,807.606834
95.0,6,807.751829
68.0,33,808.15534
59.0,37,808.651631
67.0,29,809.002731
46.0,50,809.638649
94.0,7,809.72118
95.0,6,809.809361
57.0,39,810.289194
82.0,19,810.493193
94.0,7,810.646747
66.0,35,811.06464
95.0,6,811.189234
94.0,7,811.26629
94.0,7,811.343997
94.0,7,811.436923
95.0,6,811.591982
95.0,6,811.70419
89.0,12,811.870173
35.0,56,812.61883
49.0,47,813.237317
92.0,9,813.346103
95.0,6,813.46947
95.0,6,813.531333
95.0,6,813.624015
82.0,19,813.858007
63.0,33,814.276977
94.0,7,814.371305
60.0,36,814.791528
94.0,7,814.854829
76.0,20,815.100877
62.0,34,815.54398
94.0,7,815.63325
92.0,9,815.746794
95.0,6,815.827145
59.0,42,816.273663
84.0,17,816.456375
95.0,6,816.565139
94.0,7,816.657664
59.0,37,817.091948
75.0,21,817.324305
95.0,6,817.387465
36.0,60,818.14988
56.0,40,818.585323
95.0,6,818.664544
95.0,6,818.78956
54.0,42,819.33303
64.0,32,819.737103
94.0,7,819.893113
94.0,7,819.960639
94.0,7,820.0383
95.0,6,820.112496
84.0,17,820.393756
76.0,20,820.658561
70.0,26,820.998942
12.0,74,821.920525
93.0,8,821.993769
95.0,6,822.085618
58.0,38,822.581252
69.0,27,822.970099
75.0,21,823.24752
92.0,9,823.389108
95.0,6,823.483141
72.0,29,823.810735
37.0,59,824.571138
36.0,55,825.161106
57.0,39,825.675508
94.0,7,825.767531
95.0,6,825.879944
95.0,6,825.952914
76.0,20,826.168772
95.0,6,826.261813
78.0,23,826.604397
78.0,23,826.918971
58.0,38,827.304356
95.0,6,827.367352
92.0,9,827.492142
95.0,6,827.616806
95.0,6,827.740974
95.0,6,827.842583
95.0,6,827.914601
93.0,8,828.00328
76.0,20,828.219714
68.0,28,828.640861
94.0,7,828.746074
93.0,8,828.8381
94.0,7,828.925495
67.0,29,829.291462
94.0,7,829.383846
95.0,6,829.553417
50.0,46,830.156914
93.0,8,830.238665
92.0,9,830.358676
94.0,7,830.494755
5.0,81,835.034904
93.0,8,835.157951
93.0,8,835.250321
57.0,39,835.763073
95.0,6,835.889366
95.0,6,835.982982
56.0,40,836.570214
86.0,15,836.714593
62.0,34,837.189879
75.0,21,837.468571
92.0,9,837.583268
91.0,10,837.733673
93.0,8,837.857515
66.0,35,838.309809
95.0,6,838.402361
92.0,9,838.542146
95.0,6,838.682237
53.0,43,839.256133
94.0,7,839.365216
92.0,9,839.473475
92.0,9,839.56736
59.0,42,840.111107
64.0,37,840.563363
94.0,7,840.626157
57.0,39,841.086091
76.0,25,841.382871
41.0,55,842.032737
67.0,29,842.404535
69.0,27,842.675488
92.0,9,842.846794
62.0,34,843.280996
95.0,6,843.342953
94.0,7,843.436275
95.0,6,843.508118
93.0,8,843.627991
93.0,8,843.709678
53.0,43,844.257912
95.0,6,844.335574
64.0,37,844.818253
93.0,8,844.958049
47.0,49,845.54672
95.0,6,845.613707
95.0,6,845.701034
61.0,35,846.121205
76.0,25,846.416865
94.0,7,846.541818
94.0,7,846.619924
94.0,7,846.713109
94.0,7,846.79178
55.0,41,847.268631
94.0,7,847.350737
91.0,10,847.456894
51.0,45,847.988611
62.0,34,848.356904
76.0,20,848.589094
95.0,6,848.731856
89.0,12,848.872865
92.0,9,848.996794
92.0,9,849.117105
59.0,37,849.509818
54.0,42,849.967077
92.0,9,850.091339
59.0,37,850.538721
92.0,9,850.710099
95.0,6,850.834852
93.0,8,850.944101
60.0,36,851.3775
94.0,7,851.485994
93.0,8,851.622838
95.0,6,851.705543
94.0,7,851.786718
92.0,9,851.870065
54.0,42,852.370115
94.0,7,852.479043
95.0,6,852.587681
57.0,39,853.099698
95.0,6,853.223004
78.0,23,853.539571
95.0,6,853.629062
75.0,21,853.894425
95.0,6,854.002778
79.0,22,854.283988
64.0,32,854.686316
92.0,9,854.84156
95.0,6,854.902752
93.0,8,855.08919
95.0,6,855.170443
93.0,8,855.290844
69.0,27,855.602037
93.0,8,855.739963
66.0,30,856.08216
92.0,9,856.19122
77.0,24,856.501791
30.0,61,857.247933
94.0,7,857.33118
95.0,6,857.389514
93.0,8,857.498533
95.0,6,857.624049
95.0,6,857.731986
65.0,31,858.202883
93.0,8,858.295881
91.0,10,858.430963
59.0,37,858.851454
32.0,64,859.658363
69.0,32,859.999347
91.0,10,860.139599
95.0,6,860.277981
94.0,7,860.377003
93.0,8,860.464253
81.0,20,864.17686
95.0,6,864.31837
95.0,6,864.461355
93.0,8,864.539697
79.0,22,864.753406
95.0,6,864.831769
66.0,30,865.206222
94.0,7,865.309921
95.0,6,865.387961
-340.0,300,869.155598
80.0,21,869.411362
92.0,9,869.488007
93.0,8,869.643923
95.0,6,869.721663
68.0,28,870.071876
95.0,6,870.139494
93.0,8,870.24763
94.0,7,870.38664
81.0,20,870.603335
94.0,7,870.758614
51.0,45,871.356589
32.0,54,872.049861
69.0,27,872.392541
33.0,58,873.185421
68.0,28,873.527985
88.0,13,873.689737
95.0,6,873.763895
44.0,52,874.386036
-330.0,300,877.842014
39.0,52,878.537848
93.0,8,878.631433
95.0,6,878.724227
48.0,48,879.360893
93.0,8,879.485083
94.0,7,879.609358
91.0,10,879.73199
94.0,7,879.825056
15.0,81,880.829577
93.0,8,880.974398
89.0,12,881.108536
95.0,6,881.200997
53.0,48,881.773823
44.0,47,882.333126
92.0,9,882.471881
28.0,68,883.272799
93.0,8,883.371095
91.0,10,883.530674
89.0,12,883.656694
92.0,9,883.78669
63.0,33,884.180126
94.0,7,884.256512
59.0,37,884.691589
-13.0,94,885.951714
95.0,6,886.029776
95.0,6,886.121702
95.0,6,886.189924
92.0,9,886.294662
93.0,8,886.465788
46.0,45,886.978954
94.0,7,887.102017
94.0,7,887.246948
94.0,7,887.313768
94.0,7,887.413893
95.0,6,887.523398
94.0,7,887.630564
90.0,11,887.802021
93.0,8,887.9077
8.0,78,888.699076
89.0,12,888.843538
95.0,6,888.923988
15.0,71,889.815677
88.0,13,893.553082
77.0,24,893.849817
-355.0,300,897.69366
94.0,7,897.80232
95.0,6,897.879586
65.0,31,898.253058
91.0,10,898.361841
93.0,8,898.453755
71.0,25,898.792001
93.0,8,898.931539
94.0,7,899.010854
94.0,7,899.104153
94.0,7,899.259816
58.0,38,899.743001
43.0,48,900.333027
94.0,7,900.441094
69.0,27,900.80055
92.0,9,900.912047
-330.0,300,904.830045
93.0,8,904.907638
80.0,21,905.218891
44.0,52,905.836338
93.0,8,905.960873
94.0,7,906.053269
91.0,10,906.176689
78.0,23,906.43291
94.0,7,906.519789
92.0,9,906.660809
-59.0,130,908.248747
95.0,6,908.306277
59.0,37,908.765509
49.0,47,909.330187
87.0,14,909.562269
74.0,27,909.933352
94.0,7,910.025989
92.0,9,910.16658
91.0,10,910.31029
48.0,48,910.846244
93.0,8,910.959867
94.0,7,911.048377
93.0,8,911.157467
92.0,9,911.250287
94.0,7,911.34396
81.0,20,911.607014
94.0,7,911.699742
94.0,7,911.781641
94.0,7,911.870739
37.0,59,912.55422
93.0,8,912.64607
-330.0,300,916.373605
92.0,9,916.576292
-345.0,300,923.666093
40.0,56,924.393593
94.0,7,924.518338
69.0,32,924.90431
73.0,23,925.202941
95.0,6,925.275314
93.0,8,925.37482
94.0,7,925.463178
36.0,60,926.220159
94.0,7,926.327111
89.0,12,926.46782
94.0,7,926.564825
95.0,6,926.638378
92.0,9,926.746801
92.0,9,926.856519
95.0,6,926.933736
92.0,9,927.029924
95.0,6,927.103521
95.0,6,927.180308
95.0,6,927.319391
92.0,9,927.426693
94.0,7,927.521729
94.0,7,927.599595
51.0,40,928.158334
95.0,6,928.250654
92.0,9,928.363725
95.0,6,928.435118
56.0,45,928.980483
35.0,56,929.619663
92.0,9,929.759791
93.0,8,929.871536
94.0,7,929.968837
41.0,55,930.68852
92.0,9,930.814082
93.0,8,930.954055
87.0,14,931.203364
92.0,9,931.312721
75.0,26,931.65343
60.0,36,932.089508
93.0,8,932.245013
95.0,6,932.32294
72.0,24,932.634347
93.0,8,932.728792
94.0,7,932.822815
93.0,8,933.010737
94.0,7,933.091137
95.0,6,933.162156
94.0,7,933.239672
93.0,8,933.409718
94.0,7,933.514299
95.0,6,933.581002
80.0,21,933.792789
95.0,6,933.892998
76.0,25,934.236688
86.0,15,934.423431
95.0,6,934.593621
92.0,9,934.763433
95.0,6,934.915146
93.0,8,934.997424
80.0,21,935.251509
75.0,26,935.558135
81.0,20,935.774614
95.0,6,935.868486
93.0,8,935.977293
55.0,41,936.52067
94.0,7,936.68117
94.0,7,936.767568
95.0,6,936.876638
66.0,30,937.327941
77.0,24,937.668324
95.0,6,937.792382
89.0,12,937.964401
93.0,8,938.089603
95.0,6,938.183445
95.0,6,938.245607
94.0,7,938.356422
92.0,9,938.511717
95.0,6,938.588593
93.0,8,938.717772
93.0,8,938.822681
94.0,7,938.94689
42.0,54,939.632027
68.0,28,939.99013
94.0,7,940.071914
95.0,6,940.144968
94.0,7,940.269278
50.0,46,940.815111
94.0,7,940.918394
65.0,31,941.266323
92.0,9,941.375173
94.0,7,941.461082
73.0,23,941.739369
79.0,22,942.008151
93.0,8,942.095688
57.0,39,942.50882
93.0,8,942.648189
79.0,22,942.895439
95.0,6,942.987665
94.0,7,943.070588
95.0,6,943.158527
91.0,10,943.297827
89.0,12,943.415306
91.0,10,943.517446
59.0,37,943.901372
71.0,30,944.274644
94.0,7,944.404329
94.0,7,944.519605
95.0,6,944.613295
93.0,8,944.722976
74.0,27,945.096221
60.0,36,945.577836
80.0,21,945.908335
94.0,7,945.997287
95.0,6,946.074861
67.0,29,946.433239
92.0,9,946.55781
93.0,8,946.666578
94.0,7,946.839419
69.0,32,947.322472
94.0,7,947.405533
70.0,26,947.709923
93.0,8,947.817907
88.0,13,947.972277
94.0,7,948.173673
92.0,9,948.349907
93.0,8,948.470917
94.0,7,948.579559
94.0,7,948.733907
93.0,8,948.812764
69.0,27,949.092936
93.0,8,949.161449
62.0,34,949.541446
95.0,6,949.619867
16.0,75,954.090415
91.0,10,954.211651
89.0,12,954.382806
63.0,33,954.836716
92.0,9,954.977643
81.0,20,955.255008
51.0,45,955.89151
95.0,6,955.985831
93.0,8,956.079645
95.0,6,956.156381
77.0,24,956.465925
95.0,6,956.531849
93.0,8,956.636457
95.0,6,956.728592
93.0,8,956.884041
61.0,40,957.379768
71.0,30,957.737538
94.0,7,957.830957
87.0,14,958.033716
74.0,27,958.390874
95.0,6,958.515012
93.0,8,958.614887
95.0,6,958.669652
94.0,7,958.808459
94.0,7,958.901384
89.0,12,959.09354
42.0,54,959.751361
94.0,7,959.907433
93.0,8,959.988792
67.0,29,960.327481
88.0,13,960.515125
93.0,8,960.585651
93.0,8,960.669438
68.0,33,961.057636
95.0,6,961.196491
92.0,9,961.336297
95.0,6,961.41437
92.0,9,961.538158
89.0,12,961.712967
93.0,8,961.808302
31.0,65,962.580889
88.0,13,962.767157
91.0,10,962.904775
95.0,6,962.982422
76.0,25,963.308911
95.0,6,963.43244
92.0,9,963.663947
91.0,10,963.831353
77.0,24,964.157595
90.0,11,964.282057
90.0,11,964.406465
27.0,59,965.195298
94.0,7,965.288931
59.0,37,965.769033
90.0,11,965.893074
70.0,31,966.204219
92.0,9,966.328434
91.0,10,966.483389
93.0,8,966.592833
84.0,17,966.808892
79.0,22,967.104776
93.0,8,967.17544
64.0,37,967.649585
43.0,53,968.377734
92.0,9,968.498303
13.0,78,969.565408
77.0,24,969.876799
67.0,34,970.373478
93.0,8,970.48314
60.0,36,970.94876
77.0,24,971.324243
93.0,8,971.538762
93.0,8,971.648481
93.0,8,971.745445
94.0,7,971.835381
94.0,7,971.959944
92.0,9,972.099911
89.0,12,972.317318
93.0,8,972.441926
41.0,50,973.097387
76.0,20,973.454379
94.0,7,973.608236
77.0,24,973.996711
95.0,6,974.058676
52.0,39,974.665442
93.0,8,974.773591
94.0,7,974.928725
47.0,44,975.552673
46.0,50,976.237517
91.0,10,976.408914
64.0,32,976.874817
93.0,8,977.019547
93.0,8,977.098425
90.0,11,977.248424
88.0,13,977.450593
64.0,37,977.993798
10.0,81,979.055269
61.0,35,979.578549
94.0,7,979.693455
87.0,14,979.893471
91.0,10,980.037445
92.0,9,980.147656
91.0,10,980.272411
92.0,9,980.407808
95.0,6,980.516424
65.0,31,980.966697
95.0,6,981.050673
66.0,35,981.539392
86.0,15,981.833967
92.0,9,985.468531
95.0,6,985.55553
95.0,6,985.712542
61.0,40,986.339678
94.0,7,986.445677
93.0,8,986.538339
95.0,6,986.631369
94.0,7,986.768393
93.0,8,986.957922
93.0,8,987.114461
-4.0,85,988.268302
95.0,6,988.421707
90.0,11,988.548648
57.0,39,989.072652
66.0,30,989.43213
64.0,32,989.903477
93.0,8,990.010464
89.0,12,990.161854
94.0,7,990.301863
92.0,9,990.41039
95.0,6,990.480975
94.0,7,990.585498
93.0,8,990.706395
90.0,11,990.870673
35.0,56,991.655287
92.0,9,991.775529
95.0,6,991.898641
31.0,60,992.543456
95.0,6,992.659368
92.0,9,992.769542
93.0,8,992.878224
95.0,6,993.032635
93.0,8,993.173535
92.0,9,993.327763
93.0,8,993.481918
55.0,41,993.947571
94.0,7,994.071867
54.0,42,994.677189
86.0,15,994.89423
94.0,7,994.957762
93.0,8,995.082532
81.0,20,995.425655
-229.0,265,998.624134
71.0,25,998.966706
95.0,6,999.043937
95.0,6,999.12196
93.0,8,999.231207
94.0,7,999.313818
91.0,10,999.430335
68.0,33,999.926871
93.0,8,1000.08669
83.0,18,1000.315061
61.0,35,1000.77015
95.0,6,1000.842496
94.0,7,1000.905282
95.0,6,1001.013724
90.0,11,1001.182051
92.0,9,1001.311097
55.0,41,1001.81747
73.0,23,1002.098624
56.0,40,1002.612676
57.0,44,1003.234821
63.0,33,1003.76142
41.0,50,1004.446344
91.0,10,1004.570945
94.0,7,1004.6493
93.0,8,1004.914206
92.0,9,1005.038821
95.0,6,1005.115224
52.0,44,1005.831851
72.0,24,1006.187539
94.0,7,1006.281503
93.0,8,1006.483352
94.0,7,1006.639478
90.0,11,1006.842191
94.0,7,1006.929091
94.0,7,1007.013209
93.0,8,1007.12143
61.0,35,1007.589297
91.0,10,1007.729547
69.0,27,1008.164474
94.0,7,1008.272712
95.0,6,1008.3965
66.0,30,1008.785536
92.0,9,1008.908476
94.0,7,1009.032336
92.0,9,1009.176333
93.0,8,1009.272655
79.0,22,1009.529685
92.0,9,1009.717435
85.0,16,1009.997926
23.0,68,1011.014308
59.0,37,1011.553144
69.0,27,1011.970682
92.0,9,1012.079468
54.0,37,1012.593397
93.0,8,1012.686773
93.0,8,1012.828344
94.0,7,1012.936254
91.0,10,1013.076743
93.0,8,1013.160185
93.0,8,1013.262344
95.0,6,1013.340362
73.0,28,1013.699168
84.0,17,1013.934269
90.0,11,1014.088669
92.0,9,1014.211835
68.0,28,1018.113584
62.0,39,1018.763921
94.0,7,1018.874191
52.0,44,1019.558675
95.0,6,1019.699823
94.0,7,1019.823931
93.0,8,1019.963307
92.0,9,1020.165971
95.0,6,1020.260137
91.0,10,1020.479762
54.0,42,1021.058114
38.0,58,1021.75618
95.0,6,1021.894381
93.0,8,1022.034571
92.0,9,1022.129132
95.0,6,1022.207589
94.0,7,1022.332742
32.0,59,1023.156234
65.0,36,1023.606249
75.0,26,1024.041228
57.0,44,1024.604604
90.0,11,1024.765979
67.0,34,1025.157829
94.0,7,1025.251158
73.0,28,1025.620415
94.0,7,1025.745829
91.0,10,1025.90157
69.0,32,1026.370407
90.0,11,1026.50564
95.0,6,1026.645727
92.0,9,1026.745653
69.0,32,1027.206167
66.0,30,1027.543767
40.0,56,1028.340913
69.0,32,1028.776755
80.0,21,1029.071398
74.0,27,1029.413812
86.0,15,1029.740233
66.0,35,1030.182327
95.0,6,1030.257677
67.0,34,1030.702616
91.0,10,1030.888777
74.0,27,1031.309544
84.0,17,1031.527838
90.0,11,1031.730828
70.0,31,1032.19043
90.0,11,1032.36735
91.0,10,1032.504546
93.0,8,1032.620301
95.0,6,1032.704366
94.0,7,1032.782403
93.0,8,1032.891596
89.0,12,1033.092805
93.0,8,1033.263379
70.0,26,1033.701094
94.0,7,1033.810087
89.0,12,1033.946335
95.0,6,1034.028372
93.0,8,1034.152369
92.0,9,1034.323639
54.0,42,1034.897723
70.0,31,1035.333825
86.0,15,1035.535594
94.0,7,1035.613596
90.0,11,1035.785278
95.0,6,1035.851699
71.0,30,1036.205478
91.0,10,1036.360565
95.0,6,1036.469297
94.0,7,1036.577522
95.0,6,1036.662183
93.0,8,1036.765564
93.0,8,1036.921163
57.0,39,1037.448456
92.0,9,1037.619556
49.0,52,1038.255517
95.0,6,1038.348645
68.0,33,1038.874743
80.0,21,1039.146131
94.0,7,1039.26521
69.0,32,1039.710327
89.0,12,1039.873661
84.0,17,1040.152342
63.0,33,1040.557551
95.0,6,1040.66729
95.0,6,1040.744966
92.0,9,1040.886295
24.0,67,1041.754465
94.0,7,1041.84128
59.0,42,1042.358672
75.0,26,1042.728618
94.0,7,1042.853517
74.0,27,1043.335785
93.0,8,1043.466737
95.0,6,1043.543127
93.0,8,1043.630486
92.0,9,1043.749599
49.0,47,1044.35946
84.0,17,1044.649203
95.0,6,1044.717618
94.0,7,1044.788876
94.0,7,1044.901177
93.0,8,1045.035518
88.0,13,1045.207658
93.0,8,1045.316366
67.0,34,1045.831851
76.0,25,1046.159128
68.0,33,1046.672042
80.0,21,1046.995981
49.0,47,1051.267149
94.0,7,1051.353356
92.0,9,1051.462811
95.0,6,1051.55486
91.0,10,1051.819159
95.0,6,1051.943662
93.0,8,1052.084451
72.0,29,1052.441269
93.0,8,1052.550935
92.0,9,1052.707467
85.0,16,1052.908041
92.0,9,1053.047783
93.0,8,1053.172328
95.0,6,1053.344573
93.0,8,1053.531265
92.0,9,1053.643384
52.0,44,1054.30739
91.0,10,1054.476796
92.0,9,1054.586532
94.0,7,1054.710848
94.0,7,1054.914053
75.0,26,1055.300714
89.0,12,1055.504668
65.0,36,1056.015907
40.0,56,1056.874606
95.0,6,1056.956969
95.0,6,1057.007993
94.0,7,1057.123106
81.0,20,1057.325778
54.0,42,1057.964987
92.0,9,1058.16739
92.0,9,1058.291563
92.0,9,1058.401253
92.0,9,1058.525149
77.0,24,1058.866083
94.0,7,1058.947629
78.0,23,1059.283572
65.0,36,1059.794842
36.0,55,1060.432624
80.0,21,1060.759113
54.0,47,1061.44329
85.0,16,1061.678033
80.0,21,1061.924134
94.0,7,1061.986834
71.0,30,1062.346308
85.0,16,1062.578123
94.0,7,1062.675816
95.0,6,1062.781176
93.0,8,1062.85914
94.0,7,1062.980602
71.0,25,1063.272176
93.0,8,1063.376284
94.0,7,1063.465084
44.0,47,1064.019398
93.0,8,1064.17414
90.0,11,1064.391006
90.0,11,1064.623743
92.0,9,1064.764065
94.0,7,1064.857078
95.0,6,1064.966989
93.0,8,1065.060493
95.0,6,1065.198831
93.0,8,1065.405905
92.0,9,1065.491347
93.0,8,1065.605163
93.0,8,1065.746463
91.0,10,1065.905401
87.0,14,1066.065049
94.0,7,1066.147306
92.0,9,1066.294932
64.0,37,1066.774009
93.0,8,1066.909226
93.0,8,1067.023403
93.0,8,1067.142481
92.0,9,1067.239033
90.0,11,1067.363984
83.0,18,1067.622445
77.0,24,1068.009965
87.0,14,1068.227967
95.0,6,1068.321266
75.0,26,1068.676595
89.0,12,1068.815923
94.0,7,1068.9094
94.0,7,1068.988396
75.0,26,1069.315987
58.0,38,1069.808257
90.0,11,1069.996521
92.0,9,1070.153313
94.0,7,1070.262734
95.0,6,1070.417244
85.0,16,1070.602174
67.0,34,1071.039092
94.0,7,1071.16312
95.0,6,1071.288087
80.0,21,1071.628956
88.0,13,1071.788239
86.0,15,1071.955534
90.0,11,1072.162138
70.0,31,1072.612596
61.0,40,1073.090929
77.0,24,1073.432281
94.0,7,1073.571248
92.0,9,1073.694075
94.0,7,1073.788025
72.0,29,1074.222572
69.0,32,1074.657151
83.0,18,1074.890231
92.0,9,1075.050902
94.0,7,1075.139199
94.0,7,1075.215756
75.0,26,1075.494403
95.0,6,1075.62043
91.0,10,1075.806976
94.0,7,1075.914634
93.0,8,1076.052098
92.0,9,1076.217389
90.0,11,1076.364615
95.0,6,1076.427089
95.0,6,1076.614369
94.0,7,1076.72385
92.0,9,1076.908069
95.0,6,1077.000463
95.0,6,1077.091879
30.0,61,1077.896547
69.0,32,1078.360685
94.0,7,1078.553932
93.0,8,1078.658346
94.0,7,1078.811881
67.0,34,1079.354694
91.0,10,1079.493707
66.0,30,1079.88224
66.0,30,1080.329259
54.0,42,1084.664395
90.0,11,1084.962443
54.0,42,1085.602026
74.0,27,1085.959168
67.0,34,1086.363153
92.0,9,1086.504914
86.0,15,1086.70493
93.0,8,1086.814929
53.0,43,1087.4681
93.0,8,1087.576906
92.0,9,1087.700928
93.0,8,1087.777903
94.0,7,1087.861904
94.0,7,1087.964649
-315.0,300,1091.808912
82.0,19,1092.140019
83.0,18,1092.342221
73.0,28,1092.739044
77.0,24,1093.079098
84.0,17,1093.342278
79.0,22,1093.653106
93.0,8,1093.746176
93.0,8,1093.854928
94.0,7,1093.983617
27.0,64,1094.848684
31.0,70,1095.73634
92.0,9,1095.90728
89.0,12,1096.078886
65.0,31,1096.513878
95.0,6,1096.599877
88.0,13,1096.747681
91.0,10,1096.918593
82.0,19,1097.16895
94.0,7,1097.246093
75.0,26,1097.587759
77.0,24,1097.967775
69.0,32,1098.372435
91.0,10,1098.492751
93.0,8,1098.660847
95.0,6,1098.800811
73.0,28,1099.192327
-320.0,300,1103.307485
91.0,10,1103.448368
94.0,7,1103.651242
95.0,6,1103.758935
81.0,20,1104.038534
93.0,8,1104.184
78.0,23,1104.444456
75.0,26,1104.786039
93.0,8,1104.940247
93.0,8,1105.049743
47.0,54,1105.762963
72.0,29,1106.147981
93.0,8,1106.240908
88.0,13,1106.384084
93.0,8,1106.494485
94.0,7,1106.566523
93.0,8,1106.676526
63.0,38,1107.159883
94.0,7,1107.252556
75.0,26,1107.64068
31.0,65,1108.382277
36.0,55,1109.04306
91.0,10,1109.190353
94.0,7,1109.314013
92.0,9,1109.516345
93.0,8,1109.62344
71.0,30,1110.076939
92.0,9,1110.165991
92.0,9,1110.275309
77.0,24,1110.541321
69.0,32,1111.010484
91.0,10,1111.135509
78.0,23,1111.414219
91.0,10,1111.523242
93.0,8,1111.599976
93.0,8,1111.691369
93.0,8,1111.813972
94.0,7,1111.908106
92.0,9,1112.033999
83.0,18,1115.952118
94.0,7,1116.217678
95.0,6,1116.389221
95.0,6,1116.591228
91.0,10,1116.855242
75.0,26,1117.260809
78.0,23,1117.63415
92.0,9,1117.836652
93.0,8,1117.931308
48.0,48,1118.584023
93.0,8,1118.721496
90.0,11,1118.907933
85.0,16,1119.158071
65.0,31,1119.563875
73.0,28,1119.984199
81.0,20,1120.261737
94.0,7,1120.400072
94.0,7,1120.494262
78.0,23,1120.880194
84.0,17,1121.161585
95.0,6,1121.31682
95.0,6,1121.410392
95.0,6,1121.502654
91.0,10,1121.672907
87.0,14,1121.85857
82.0,19,1122.089863
95.0,6,1122.183764
77.0,24,1122.467699
95.0,6,1122.542151
53.0,38,1123.053976
92.0,9,1123.241993
92.0,9,1123.413024
93.0,8,1123.647336
64.0,32,1124.118865
81.0,20,1124.408567
70.0,26,1124.734913
91.0,10,1124.903939
93.0,8,1125.028536
74.0,27,1125.307894
93.0,8,1125.416003
81.0,20,1125.689887
93.0,8,1125.805172
95.0,6,1125.898717
45.0,46,1126.456548
93.0,8,1126.580857
86.0,15,1126.76773
54.0,42,1127.312747
94.0,7,1127.405082
60.0,41,1127.916032
94.0,7,1128.023946
94.0,7,1128.099779
83.0,18,1128.31906
94.0,7,1128.396286
80.0,21,1128.645569
93.0,8,1128.7681
94.0,7,1128.861601
60.0,41,1129.458369
87.0,14,1129.652281
90.0,11,1129.868548
31.0,60,1130.680944
94.0,7,1130.774939
92.0,9,1130.898937
92.0,9,1131.039492
95.0,6,1131.148489
95.0,6,1131.273086
95.0,6,1131.364683
67.0,34,1131.843093
73.0,28,1132.262117
81.0,20,1132.448929
94.0,7,1132.593315
12.0,74,1133.474438
95.0,6,1133.615714
95.0,6,1133.755328
82.0,19,1134.064699
95.0,6,1134.190108
94.0,7,1134.26808
94.0,7,1134.474885
95.0,6,1134.549904
87.0,14,1134.79721
92.0,9,1134.935737
74.0,27,1135.436962
63.0,38,1135.948905
76.0,25,1136.307848
93.0,8,1136.411897
94.0,7,1136.516183
88.0,13,1136.705531
66.0,35,1137.174287
93.0,8,1137.287092
41.0,55,1137.969173
94.0,7,1138.046614
94.0,7,1138.156132
92.0,9,1138.326921
67.0,34,1138.790838
95.0,6,1138.88407
92.0,9,1139.11738
73.0,28,1139.504363
74.0,27,1139.85156
94.0,7,1139.94101
95.0,6,1140.018083
89.0,12,1140.265676
77.0,24,1140.604902
95.0,6,1140.71475
77.0,24,1141.088145
72.0,29,1141.447369
67.0,29,1141.750806
93.0,8,1141.854473
95.0,6,1141.994172
86.0,15,1142.194172
93.0,8,1142.322755
74.0,27,1142.691866
66.0,30,1143.092997
78.0,23,1143.448936
94.0,7,1143.526912
93.0,8,1143.650049
92.0,9,1143.819335
71.0,30,1144.286008
95.0,6,1144.363815
95.0,6,1144.45668
61.0,35,1145.048382
95.0,6,1145.171936
95.0,6,1145.26585
94.0,7,1145.396918
88.0,13,1145.545942
47.0,49,1149.809225
94.0,7,1149.90106
45.0,51,1150.623653
94.0,7,1150.712654
95.0,6,1150.869677
94.0,7,1150.961677
80.0,21,1151.258902
94.0,7,1151.432672
94.0,7,1151.557909
93.0,8,1151.668068
73.0,28,1152.071013
94.0,7,1152.240166
91.0,10,1152.397065
95.0,6,1152.568476
94.0,7,1152.64618
93.0,8,1152.756239
93.0,8,1152.928936
94.0,7,1153.06942
92.0,9,1153.286078
92.0,9,1153.472383
95.0,6,1153.613551
94.0,7,1153.736351
68.0,28,1154.252869
86.0,15,1154.449925
93.0,8,1154.621103
75.0,26,1154.961531
77.0,24,1155.378011
-320.0,300,1159.204844
67.0,29,1159.592772
93.0,8,1159.681675
73.0,28,1160.103007
95.0,6,1160.196449
92.0,9,1160.291789
46.0,55,1160.931346
95.0,6,1161.08555
92.0,9,1161.240118
95.0,6,1161.317398
67.0,29,1161.718599
69.0,32,1162.216379
93.0,8,1162.339883
70.0,31,1162.786888
92.0,9,1162.897913
79.0,22,1163.244987
69.0,27,1163.596898
70.0,26,1163.999385
92.0,9,1164.200943
70.0,31,1164.608481
95.0,6,1164.697071
93.0,8,1164.786978
92.0,9,1164.883448
93.0,8,1165.021936
77.0,24,1165.395426
93.0,8,1165.519849
94.0,7,1165.659374
80.0,21,1165.960273
92.0,9,1166.065101
93.0,8,1166.172925
94.0,7,1166.296415
95.0,6,1166.373576
94.0,7,1166.522744
67.0,34,1166.994694
88.0,13,1167.144093
94.0,7,1167.232326
95.0,6,1167.345802
95.0,6,1167.469876
82.0,19,1167.72933
58.0,38,1168.177942
94.0,7,1168.265011
86.0,15,1168.489218
92.0,9,1168.61185
95.0,6,1168.704738
93.0,8,1168.828068
93.0,8,1168.935581
91.0,10,1169.059869
94.0,7,1169.201185
95.0,6,1169.277292
94.0,7,1169.402834
75.0,26,1169.758497
74.0,27,1170.114301
95.0,6,1170.273904
75.0,26,1170.53353
83.0,18,1170.76527
66.0,30,1171.216609
65.0,36,1171.668463
92.0,9,1171.792476
93.0,8,1171.901809
94.0,7,1171.982687
70.0,31,1172.371341
59.0,42,1172.910067
73.0,28,1173.355937
95.0,6,1173.453023
92.0,9,1173.565031
95.0,6,1173.638069
74.0,27,1174.007824
94.0,7,1174.114999
95.0,6,1174.168559
93.0,8,1174.285213
94.0,7,1174.455842
92.0,9,1174.627124
92.0,9,1174.767118
94.0,7,1174.863714
94.0,7,1174.984499
95.0,6,1175.06367
95.0,6,1175.224395
67.0,34,1175.590386
74.0,27,1175.919025
80.0,21,1176.280863
45.0,56,1177.028728
73.0,28,1177.385191
74.0,22,1177.581638
94.0,7,1177.689039
59.0,42,1178.325526
94.0,7,1178.527929
94.0,7,1178.657679
95.0,6,1178.731451
75.0,26,1182.672939
95.0,6,1182.892908
93.0,8,1183.065088
94.0,7,1183.1745
33.0,58,1183.951025
93.0,8,1184.107674
93.0,8,1184.294281
94.0,7,1184.451642
94.0,7,1184.529646
79.0,22,1184.792937
91.0,10,1185.041106
80.0,21,1185.367448
93.0,8,1185.49237
95.0,6,1185.569466
95.0,6,1185.66382
94.0,7,1185.77103
93.0,8,1185.896391
94.0,7,1186.050786
92.0,9,1186.191765
91.0,10,1186.40995
91.0,10,1186.51912
86.0,15,1186.769855
80.0,21,1187.066484
93.0,8,1187.158676
94.0,7,1187.257374
93.0,8,1187.348869
91.0,10,1187.446325
92.0,9,1187.550787
93.0,8,1187.670413
94.0,7,1187.752057
72.0,24,1188.087475
92.0,9,1188.225992
94.0,7,1188.372279
91.0,10,1188.520974
93.0,8,1188.630107
65.0,36,1189.095999
92.0,9,1189.298915
94.0,7,1189.391401
53.0,43,1189.932762
93.0,8,1190.057719
74.0,27,1190.433384
39.0,52,1191.033851
94.0,7,1191.17288
84.0,17,1191.388926
90.0,11,1191.527026
95.0,6,1191.655921
93.0,8,1191.72362
70.0,31,1192.088035
95.0,6,1192.155116
95.0,6,1192.261157
95.0,6,1192.386349
62.0,34,1192.869641
94.0,7,1192.963504
82.0,19,1193.289435
92.0,9,1193.432146
92.0,9,1193.543264
93.0,8,1193.691926
72.0,29,1194.110956
81.0,20,1194.374033
94.0,7,1194.481607
92.0,9,1194.58931
94.0,7,1194.667622
93.0,8,1194.807472
92.0,9,1194.953603
93.0,8,1195.040673
62.0,34,1195.513752
86.0,15,1195.725175
94.0,7,1195.816958
53.0,43,1196.358884
92.0,9,1196.485111
93.0,8,1196.662164
76.0,25,1196.958626
92.0,9,1197.090719
94.0,7,1197.195188
92.0,9,1197.293097
94.0,7,1197.355622
93.0,8,1197.453923
65.0,31,1197.839591
94.0,7,1197.96449
94.0,7,1198.11946
70.0,31,1198.524747
75.0,26,1198.880959
82.0,19,1199.145346
92.0,9,1199.259365
94.0,7,1199.332656
86.0,15,1199.523561
65.0,36,1200.078141
83.0,18,1200.357121
93.0,8,1200.511612
93.0,8,1200.652291
95.0,6,1200.760321
95.0,6,1200.823955
94.0,7,1200.886342
46.0,50,1201.553545
83.0,18,1201.832444
92.0,9,1202.003254
69.0,32,1202.47241
94.0,7,1202.596801
82.0,19,1202.864167
95.0,6,1202.953398
90.0,11,1203.154887
94.0,7,1203.278998
79.0,22,1203.624017
68.0,33,1204.043997
93.0,8,1204.16885
92.0,9,1204.260779
94.0,7,1204.343666
68.0,33,1204.758206
92.0,9,1204.927762
94.0,7,1205.019507
69.0,32,1205.471253
94.0,7,1205.659203
95.0,6,1205.769199
70.0,31,1206.262867
84.0,17,1206.493763
94.0,7,1206.587866
93.0,8,1206.791024
92.0,9,1206.94634
83.0,18,1207.175766
75.0,26,1207.521135
94.0,7,1207.612046
93.0,8,1207.689109
68.0,33,1208.127579
94.0,7,1208.214035
95.0,6,1208.385069
93.0,8,1208.479522
93.0,8,1208.57084
77.0,24,1208.879597
94.0,7,1208.965785
77.0,24,1209.222299
93.0,8,1209.33011
93.0,8,1209.43761
65.0,36,1209.918691
94.0,7,1210.026174
94.0,7,1210.119868
92.0,9,1210.259784
92.0,9,1210.367925
53.0,43,1210.990279
92.0,9,1211.134319
53.0,43,1215.260616
85.0,16,1215.509962
95.0,6,1215.651194
93.0,8,1215.821774
91.0,10,1215.977885
93.0,8,1216.11961
94.0,7,1216.224132
75.0,26,1216.628959
74.0,27,1217.083797
85.0,16,1217.312771
74.0,27,1217.82792
89.0,12,1218.029902
93.0,8,1218.139249
94.0,7,1218.24754
69.0,32,1218.638418
93.0,8,1218.762416
61.0,35,1219.35578
82.0,19,1219.637432
92.0,9,1219.731266
89.0,12,1219.901513
89.0,12,1220.11889
74.0,27,1220.523608
92.0,9,1220.66411
70.0,31,1221.036063
94.0,7,1221.119404
80.0,21,1221.378497
95.0,6,1221.440429
94.0,7,1221.565696
60.0,41,1222.107265
92.0,9,1222.23327
94.0,7,1222.341824
78.0,23,1222.620204
75.0,26,1222.979431
68.0,28,1223.42775
65.0,36,1223.863583
79.0,22,1224.218766
66.0,35,1224.790648
93.0,8,1224.889468
58.0,38,1225.449614
93.0,8,1225.606211
76.0,25,1225.964998
81.0,20,1226.214558
86.0,15,1226.399743
95.0,6,1226.46634
94.0,7,1226.540725
94.0,7,1226.617437
80.0,21,1226.929331
82.0,19,1227.193655
85.0,16,1227.424859
93.0,8,1227.502829
86.0,15,1227.662667
92.0,9,1227.751898
94.0,7,1227.829851
95.0,6,1227.939524
62.0,39,1228.42076
92.0,9,1228.591692
92.0,9,1228.731307
94.0,7,1228.784522
92.0,9,1228.934581
69.0,32,1229.383031
93.0,8,1229.578685
93.0,8,1229.706802
91.0,10,1229.891698
93.0,8,1229.99928
82.0,19,1230.293712
95.0,6,1230.386773
94.0,7,1230.526062
60.0,41,1231.065366
75.0,26,1231.50067
71.0,30,1231.918679
48.0,48,1232.601419
93.0,8,1232.67855
77.0,24,1232.980651
87.0,14,1233.134019
77.0,24,1233.412615
93.0,8,1233.500851
95.0,6,1233.610842
53.0,43,1234.295704
95.0,6,1234.373435
86.0,15,1234.575104
95.0,6,1234.652482
39.0,57,1235.618709
81.0,20,1235.913446
66.0,35,1236.377642
60.0,41,1236.887769
83.0,18,1237.151907
70.0,31,1237.526577
59.0,42,1238.046932
76.0,25,1238.292607
92.0,9,1238.401819
94.0,7,1238.573888
94.0,7,1238.682716
74.0,27,1239.07042
94.0,7,1239.228425
92.0,9,1239.367435
94.0,7,1239.487323
95.0,6,1239.586091
71.0,30,1240.01022
95.0,6,1240.085477
95.0,6,1240.19437
93.0,8,1240.333758
61.0,40,1240.869745
94.0,7,1240.992424
93.0,8,1241.110414
85.0,16,1241.311623
94.0,7,1241.45164
91.0,10,1241.575163
73.0,28,1242.043716
84.0,17,1242.293812
68.0,33,1242.760655
94.0,7,1242.890409
94.0,7,1242.979497
93.0,8,1243.071497
93.0,8,1243.196469
94.0,7,1243.306492
92.0,9,1243.431063
95.0,6,1243.5085
76.0,25,1243.914405
92.0,9,1244.02241
93.0,8,1244.116199
82.0,19,1244.380982
72.0,29,1248.467842
73.0,28,1249.079375
74.0,27,1249.436188
83.0,18,1249.730751
75.0,21,1250.087396
94.0,7,1250.207935
93.0,8,1250.284443
95.0,6,1250.362466
84.0,17,1250.598487
92.0,9,1250.722316
40.0,51,1251.392619
87.0,14,1251.60973
78.0,23,1251.902725
83.0,18,1252.214618
94.0,7,1252.323672
93.0,8,1252.47917
95.0,6,1252.571744
79.0,22,1252.867675
67.0,29,1253.259881
94.0,7,1253.349502
28.0,68,1254.190131
76.0,25,1254.456425
94.0,7,1254.55144
95.0,6,1254.644103
94.0,7,1254.767878
86.0,15,1254.939142
92.0,9,1255.107238
93.0,8,1255.215533
58.0,38,1255.68979
93.0,8,1255.779097
67.0,34,1256.194113
92.0,9,1256.319598
46.0,50,1256.925699
75.0,26,1257.219651
60.0,41,1257.758665
88.0,13,1257.935059
90.0,11,1258.155107
61.0,35,1258.606317
92.0,9,1258.714471
94.0,7,1258.82174
67.0,34,1259.242
79.0,22,1259.520216
93.0,8,1259.648511
93.0,8,1259.754238
73.0,28,1260.142989
78.0,23,1260.402683
93.0,8,1260.512005
94.0,7,1260.62018
94.0,7,1260.733886
95.0,6,1260.806818
92.0,9,1261.009321
93.0,8,1261.189344
58.0,43,1261.6788
-315.0,300,1265.209453
71.0,30,1265.539926
93.0,8,1265.653771
91.0,10,1265.788411
61.0,35,1266.195923
58.0,38,1266.601265
86.0,15,1266.719189
79.0,22,1267.061758
77.0,24,1267.376046
84.0,17,1267.573635
92.0,9,1267.667571
94.0,7,1267.751271
82.0,19,1267.960986
62.0,39,1268.474814
94.0,7,1268.605613
94.0,7,1268.70552
92.0,9,1268.844916
95.0,6,1268.937612
62.0,39,1269.417829
81.0,20,1269.665781
61.0,40,1270.116953
94.0,7,1270.195698
69.0,32,1270.599068
94.0,7,1270.723355
69.0,32,1271.095649
93.0,8,1271.219542
93.0,8,1271.306352
95.0,6,1271.375057
70.0,31,1271.704815
67.0,34,1272.107573
92.0,9,1272.228106
80.0,21,1272.523772
93.0,8,1272.615941
70.0,31,1273.035291
62.0,34,1273.360803
94.0,7,1273.437427
94.0,7,1273.530463
93.0,8,1273.638756
82.0,19,1273.902467
93.0,8,1274.089176
94.0,7,1274.197879
94.0,7,1274.27135
74.0,27,1274.646635
93.0,8,1274.772083
63.0,38,1278.826285
93.0,8,1278.93452
94.0,7,1279.058298
95.0,6,1279.151659
92.0,9,1279.266507
92.0,9,1279.384202
85.0,16,1279.60239
94.0,7,1279.697547
74.0,27,1280.026484
83.0,18,1280.243407
94.0,7,1280.337754
54.0,42,1280.885066
94.0,7,1280.997911
93.0,8,1281.117024
95.0,6,1281.198628
92.0,9,1281.287667
64.0,37,1281.738512
94.0,7,1281.840835
93.0,8,1281.956487
86.0,15,1282.146656
94.0,7,1282.236223
93.0,8,1282.361694
86.0,15,1282.595533
82.0,19,1282.874101
64.0,37,1283.44846
68.0,33,1283.898121
95.0,6,1283.97633
82.0,19,1284.176708
92.0,9,1284.334939
94.0,7,1284.407792
94.0,7,1284.533035
94.0,7,1284.626746
92.0,9,1284.720173
78.0,23,1285.074584
92.0,9,1285.22906
94.0,7,1285.328187
95.0,6,1285.384942
81.0,20,1285.662732
81.0,20,1285.971467
94.0,7,1286.058024
94.0,7,1286.140826
67.0,34,1286.532678
82.0,19,1286.752936
94.0,7,1286.842614
81.0,20,1287.049213
79.0,22,1287.33943
93.0,8,1287.432632
91.0,10,1287.560383
93.0,8,1287.633839
94.0,7,1287.727307
81.0,20,1287.99023
85.0,16,1288.162733
31.0,60,1288.927619
93.0,8,1289.047789
92.0,9,1289.185184
94.0,7,1289.30948
88.0,13,1289.452978
69.0,32,1289.867199
94.0,7,1289.975441
67.0,34,1290.395521
86.0,15,1290.58148
93.0,8,1290.691451
95.0,6,1290.80021
68.0,33,1291.21374
91.0,10,1291.358925
69.0,32,1291.737691
62.0,39,1292.224947
91.0,10,1292.376758
94.0,7,1292.460342
95.0,6,1292.534534
75.0,26,1292.873084
94.0,7,1292.965024
95.0,6,1293.035961
95.0,6,1293.109469
70.0,31,1293.462409
95.0,6,1293.540052
93.0,8,1293.648463
94.0,7,1293.702748
68.0,33,1294.099687
94.0,7,1294.193618
94.0,7,1294.274376
95.0,6,1294.348615
82.0,19,1294.582601
94.0,7,1294.722284
94.0,7,1294.800564
91.0,10,1294.903339
93.0,8,1295.003604
95.0,6,1295.066124
94.0,7,1295.154654
87.0,14,1295.313722
93.0,8,1295.474322
92.0,9,1295.593867
84.0,17,1295.811334
93.0,8,1295.920466
94.0,7,1296.091123
94.0,7,1296.184241
60.0,41,1296.75325
94.0,7,1296.843511
69.0,32,1297.315499
95.0,6,1297.390198
49.0,52,1298.072708
94.0,7,1298.150739
95.0,6,1298.244389
95.0,6,1298.305438
84.0,17,1298.477127
83.0,18,1298.682711
93.0,8,1298.778819
94.0,7,1298.851227
61.0,40,1299.379093
77.0,24,1299.711075
94.0,7,1299.800761
95.0,6,1299.926262
94.0,7,1300.019457
66.0,35,1300.485647
91.0,10,1300.689007
94.0,7,1300.829184
81.0,20,1301.109385
93.0,8,1301.23106
92.0,9,1301.401262
94.0,7,1301.540012
69.0,32,1302.066585
95.0,6,1302.147774
95.0,6,1302.210184
93.0,8,1302.314922
93.0,8,1302.411911
63.0,38,1302.814181
78.0,23,1303.063559
94.0,7,1303.202837
93.0,8,1303.310804
95.0,6,1303.418323
93.0,8,1303.510682
93.0,8,1303.603981
67.0,34,1304.034555
94.0,7,1304.116759
93.0,8,1304.245114
94.0,7,1304.34943
93.0,8,1304.509664
93.0,8,1304.599892
94.0,7,1304.724202
93.0,8,1304.822377
94.0,7,1304.888089
95.0,6,1304.974811
92.0,9,1305.119813
94.0,7,1305.208345
94.0,7,1305.286442
93.0,8,1305.410932
93.0,8,1305.504428
76.0,20,1309.407484
78.0,23,1309.702747
95.0,6,1309.795123
59.0,42,1310.372243
84.0,17,1310.543296
68.0,33,1310.964319
66.0,35,1311.417404
77.0,24,1311.735098
86.0,15,1311.947442
94.0,7,1312.056345
63.0,38,1312.538602
94.0,7,1312.662634
93.0,8,1312.773759
85.0,16,1313.022524
94.0,7,1313.100186
92.0,9,1313.211228
89.0,12,1313.39793
69.0,32,1313.833596
95.0,6,1313.911095
94.0,7,1314.001971
93.0,8,1314.126233
21.0,70,1315.008434
95.0,6,1315.071476
94.0,7,1315.154231
93.0,8,1315.241108
93.0,8,1315.442353
67.0,34,1315.815459
95.0,6,1315.954704
94.0,7,1316.079252
80.0,21,1316.358678
93.0,8,1316.467539
95.0,6,1316.558503
78.0,23,1316.865997
89.0,12,1317.038743
94.0,7,1317.141803
83.0,18,1317.373997
93.0,8,1317.48138
79.0,22,1317.746311
82.0,19,1317.987469
92.0,9,1318.10322
94.0,7,1318.196363
69.0,32,1318.586133
95.0,6,1318.640005
94.0,7,1318.71067
94.0,7,1318.78874
95.0,6,1318.850385
95.0,6,1318.927054
81.0,20,1319.20551
95.0,6,1319.30037
95.0,6,1319.429325
72.0,24,1319.701667
39.0,52,1320.336883
94.0,7,1320.475057
67.0,34,1320.901072
88.0,13,1321.019098
94.0,7,1321.110791
75.0,26,1321.4688
95.0,6,1321.593498
69.0,32,1321.949903
93.0,8,1322.056569
93.0,8,1322.181761
94.0,7,1322.291251
95.0,6,1322.447176
82.0,19,1322.66263
78.0,23,1323.020656
69.0,32,1323.438344
93.0,8,1323.576585
69.0,32,1323.979028
94.0,7,1324.089596
94.0,7,1324.212299
93.0,8,1324.351765
79.0,22,1324.585247
74.0,27,1324.955462
94.0,7,1325.049528
95.0,6,1325.203893
95.0,6,1325.264965
73.0,23,1325.543935
84.0,17,1325.807351
67.0,34,1326.256202
94.0,7,1326.36549
82.0,19,1326.596613
64.0,32,1327.064709
94.0,7,1327.138442
72.0,29,1327.523831
93.0,8,1327.788678
86.0,15,1327.990083
90.0,11,1328.190378
95.0,6,1328.287621
93.0,8,1328.391584
91.0,10,1328.501478
79.0,22,1328.751421
66.0,35,1329.169279
94.0,7,1329.261535
94.0,7,1329.323128
95.0,6,1329.400821
93.0,8,1329.494614
94.0,7,1329.571643
94.0,7,1329.711949
94.0,7,1329.791624
74.0,27,1330.070545
72.0,24,1330.364296
93.0,8,1330.488855
62.0,39,1331.002934
58.0,38,1331.442551
93.0,8,1331.545786
94.0,7,1331.670567
92.0,9,1331.768724
93.0,8,1331.871645
94.0,7,1331.948487
83.0,18,1332.150708
69.0,32,1332.525676
95.0,6,1332.633782
68.0,33,1333.052552
92.0,9,1333.160448
93.0,8,1333.284715
95.0,6,1333.360649
93.0,8,1333.45432
63.0,38,1333.967135
94.0,7,1334.107697
92.0,9,1334.21319
92.0,9,1334.324924
92.0,9,1334.454397
91.0,10,1334.584281
93.0,8,1334.699271
94.0,7,1334.848781
94.0,7,1334.91069
94.0,7,1335.010442
93.0,8,1335.087284
81.0,20,1335.268273
68.0,33,1335.639746
70.0,31,1336.020319
56.0,45,1339.993545
95.0,6,1340.055712
94.0,7,1340.148752
73.0,28,1340.563746
79.0,22,1340.811522
94.0,7,1340.904208
75.0,26,1341.32329
69.0,32,1341.743307
84.0,17,1341.893716
61.0,35,1342.318317
81.0,20,1342.563777
86.0,15,1342.766283
94.0,7,1342.827418
93.0,8,1342.951965
89.0,12,1343.122836
79.0,22,1343.463383
94.0,7,1343.571831
69.0,32,1344.000239
74.0,22,1344.266737
95.0,6,1344.336206
94.0,7,1344.476661
95.0,6,1344.553486
95.0,6,1344.615977
95.0,6,1344.693395
94.0,7,1344.817291
93.0,8,1344.940845
95.0,6,1345.002585
73.0,28,1345.391688
94.0,7,1345.46622
95.0,6,1345.589294
95.0,6,1345.670128
94.0,7,1345.750525
90.0,11,1345.842196
93.0,8,1345.932932
94.0,7,1346.058549
80.0,21,1346.354605
94.0,7,1346.464505
73.0,28,1346.841449
94.0,7,1346.943316
75.0,26,1347.271843
93.0,8,1347.379987
71.0,30,1347.758527
95.0,6,1347.829287
94.0,7,1347.921802
95.0,6,1348.062279
83.0,18,1348.339458
92.0,9,1348.5095
71.0,30,1348.884602
66.0,35,1349.299643
78.0,23,1349.570711
95.0,6,1349.627239
6.0,80,1350.511668
93.0,8,1350.673397
81.0,20,1350.91654
92.0,9,1351.048845
94.0,7,1351.146765
93.0,8,1351.241315
94.0,7,1351.369688
94.0,7,1351.45815
81.0,20,1351.707469
94.0,7,1351.800676
69.0,32,1352.206115
95.0,6,1352.315663
95.0,6,1352.377335
95.0,6,1352.427082
95.0,6,1352.516705
69.0,32,1352.940437
95.0,6,1352.999944
94.0,7,1353.083949
71.0,30,1353.435546
94.0,7,1353.516661
94.0,7,1353.606635
78.0,23,1353.88643
94.0,7,1353.967471
94.0,7,1354.056413
94.0,7,1354.257127
94.0,7,1354.428548
92.0,9,1354.600135
52.0,44,1355.153762
94.0,7,1355.222955
93.0,8,1355.362317
94.0,7,1355.424264
95.0,6,1355.517375
94.0,7,1355.611354
95.0,6,1355.689512
94.0,7,1355.79634
95.0,6,1355.873912
92.0,9,1356.012304
93.0,8,1356.122858
95.0,6,1356.189072
93.0,8,1356.294001
95.0,6,1356.349299
86.0,15,1356.511642
95.0,6,1356.621049
93.0,8,1356.713583
93.0,8,1356.823373
73.0,28,1357.162773
88.0,13,1357.318512
89.0,12,1357.459015
64.0,37,1357.841053
81.0,20,1358.096033
93.0,8,1358.172901
94.0,7,1358.280545
79.0,22,1358.529109
95.0,6,1358.623089
94.0,7,1358.746372
78.0,23,1359.119163
95.0,6,1359.181421
74.0,27,1359.503943
69.0,32,1359.910079
57.0,39,1360.378172
94.0,7,1360.518123
83.0,18,1360.747734
95.0,6,1360.82939
66.0,35,1361.297381
83.0,18,1361.528861
94.0,7,1361.620934
80.0,21,1361.85424
94.0,7,1362.039921
93.0,8,1362.148386
93.0,8,1362.246897
74.0,27,1362.550159
81.0,20,1362.847161
95.0,6,1362.923228
95.0,6,1363.015357
66.0,35,1363.543362
71.0,30,1363.84275
93.0,8,1363.947026
90.0,11,1364.092373
94.0,7,1364.189285
95.0,6,1364.260784
93.0,8,1364.383898
93.0,8,1364.446612
95.0,6,1364.569393
94.0,7,1364.645734
80.0,21,1364.893301
94.0,7,1364.997782
84.0,17,1365.331551
94.0,7,1365.440242
82.0,19,1365.752093
92.0,9,1365.91232
71.0,30,1366.283903
83.0,18,1366.508074
95.0,6,1366.592345
93.0,8,1366.704278
94.0,7,1370.355447
59.0,42,1370.86896
62.0,39,1371.318555
89.0,12,1371.473577
94.0,7,1371.555255
86.0,15,1371.769247
93.0,8,1371.893116
86.0,15,1372.092634
63.0,38,1372.571331
94.0,7,1372.695394
92.0,9,1372.819582
95.0,6,1372.933307
78.0,23,1373.195338
61.0,40,1373.735296
95.0,6,1373.877566
92.0,9,1373.997679
65.0,36,1374.431348
94.0,7,1374.541759
95.0,6,1374.64954
89.0,12,1374.808377
91.0,10,1374.928704
81.0,20,1375.146624
91.0,10,1375.275924
76.0,25,1375.552454
94.0,7,1375.640039
93.0,8,1375.739343
54.0,47,1376.39411
94.0,7,1376.555544
69.0,32,1376.966045
94.0,7,1377.059288
93.0,8,1377.168296
59.0,42,1377.791594
89.0,12,1377.939063
93.0,8,1378.040585
64.0,32,1378.4265
77.0,24,1378.722158
95.0,6,1378.791888
94.0,7,1378.892141
93.0,8,1378.986039
93.0,8,1379.060352
79.0,22,1379.300324
94.0,7,1379.382717
80.0,21,1379.655719
80.0,21,1379.899719
76.0,25,1380.211183
69.0,32,1380.634211
83.0,18,1380.833191
67.0,34,1381.242772
94.0,7,1381.329235
95.0,6,1381.390704
92.0,9,1381.531741
92.0,9,1381.64728
93.0,8,1381.765741
93.0,8,1381.873212
93.0,8,1381.967188
67.0,34,1382.433627
92.0,9,1382.57427
93.0,8,1382.675094
70.0,31,1382.992125
67.0,34,1383.396183
94.0,7,1383.489835
94.0,7,1383.687447
84.0,17,1383.895622
76.0,25,1384.223317
76.0,25,1384.519634
70.0,31,1384.892771
64.0,37,1385.252044
95.0,6,1385.32822
90.0,11,1385.464928
76.0,25,1385.761709
77.0,24,1386.049706
95.0,6,1386.118087
93.0,8,1386.289551
69.0,32,1386.693115
84.0,17,1386.92626
65.0,31,1387.306632
91.0,10,1387.40805
93.0,8,1387.516188
92.0,9,1387.614249
70.0,31,1387.984168
92.0,9,1388.108028
93.0,8,1388.231487
94.0,7,1388.325158
71.0,30,1388.702771
78.0,23,1389.008304
51.0,50,1389.594334
95.0,6,1389.73512
94.0,7,1389.84474
71.0,30,1390.251757
92.0,9,1390.357976
95.0,6,1390.43432
92.0,9,1390.610359
95.0,6,1390.697379
94.0,7,1390.793926
92.0,9,1390.896531
95.0,6,1391.005972
95.0,6,1391.114428
95.0,6,1391.211323
94.0,7,1391.30051
93.0,8,1391.472438
94.0,7,1391.551333
83.0,18,1391.766717
93.0,8,1391.874448
95.0,6,1391.952876
72.0,29,1392.40144
93.0,8,1392.510364
94.0,7,1392.603482
92.0,9,1392.744081
90.0,11,1392.944339
94.0,7,1393.022935
93.0,8,1393.11563
77.0,24,1393.460023
83.0,18,1393.681691
91.0,10,1393.804429
94.0,7,1393.877054
70.0,31,1394.265866
76.0,25,1394.560389
92.0,9,1394.661059
69.0,32,1394.995225
95.0,6,1395.092388
27.0,74,1395.989926
58.0,38,1396.409595
95.0,6,1396.487451
93.0,8,1396.571097
92.0,9,1400.125224
94.0,7,1400.329815
95.0,6,1400.407934
78.0,23,1400.703581
73.0,28,1401.110371
74.0,27,1401.451305
88.0,13,1401.602528
94.0,7,1401.725958
69.0,32,1402.113225
80.0,21,1402.368022
66.0,35,1402.874012
69.0,32,1403.294403
93.0,8,1403.402356
84.0,17,1403.588472
93.0,8,1403.682583
93.0,8,1403.79496
93.0,8,1403.883908
92.0,9,1404.070648
93.0,8,1404.194286
94.0,7,1404.287415
92.0,9,1404.488281
93.0,8,1404.596917
64.0,37,1405.106737
90.0,11,1405.229731
94.0,7,1405.292958
95.0,6,1405.370817
93.0,8,1405.448247
92.0,9,1405.589413
78.0,23,1405.869906
94.0,7,1405.948176
95.0,6,1406.04066
94.0,7,1406.133875
75.0,26,1406.521945
94.0,7,1406.650625
94.0,7,1406.72207
93.0,8,1406.845976
86.0,15,1407.032663
95.0,6,1407.114264
69.0,27,1407.435899
93.0,8,1407.544654
71.0,30,1407.918563
91.0,10,1408.059645
95.0,6,1408.121602
66.0,35,1408.577514
66.0,35,1408.994929
83.0,18,1409.2218
92.0,9,1409.437281
94.0,7,1409.577278
92.0,9,1409.670446
78.0,23,1409.919396
64.0,37,1410.382158
72.0,29,1410.710829
68.0,33,1411.133328
66.0,35,1411.500111
72.0,29,1411.808612
75.0,26,1412.198876
93.0,8,1412.371103
75.0,26,1412.698982
93.0,8,1412.792728
94.0,7,1412.947947
94.0,7,1413.029552
94.0,7,1413.118791
94.0,7,1413.211282
62.0,39,1413.708031
95.0,6,1413.785399
94.0,7,1413.897412
94.0,7,1413.966888
82.0,19,1414.220827
89.0,12,1414.378145
66.0,35,1414.844703
76.0,25,1415.175925
67.0,34,1415.575016
94.0,7,1415.683133
95.0,6,1415.807362
77.0,24,1416.145303
93.0,8,1416.25546
89.0,12,1416.368672
67.0,34,1416.798439
95.0,6,1416.877104
94.0,7,1416.955386
93.0,8,1417.037305
80.0,21,1417.313455
95.0,6,1417.391086
61.0,40,1417.888509
95.0,6,1417.95309
48.0,48,1418.541444
69.0,32,1418.918126
95.0,6,1418.995085
94.0,7,1419.068931
73.0,28,1419.383271
93.0,8,1419.486801
94.0,7,1419.580785
94.0,7,1419.72077
93.0,8,1419.813325
94.0,7,1419.921163
92.0,9,1420.045403
93.0,8,1420.200753
91.0,10,1420.339102
63.0,38,1420.817057
93.0,8,1420.894675
49.0,42,1421.417658
92.0,9,1421.53376
94.0,7,1421.642688
79.0,22,1421.936117
92.0,9,1422.060684
84.0,17,1422.261739
94.0,7,1422.390508
93.0,8,1422.49499
94.0,7,1422.573211
76.0,25,1422.876535
94.0,7,1422.94749
70.0,31,1423.290517
94.0,7,1423.3681
95.0,6,1423.438198
93.0,8,1423.539647
63.0,38,1423.988842
94.0,7,1424.118224
93.0,8,1424.238667
93.0,8,1424.332419
79.0,22,1424.658662
66.0,35,1425.04747
95.0,6,1425.218789
59.0,42,1425.652026
65.0,36,1426.086666
94.0,7,1426.162742
75.0,21,1426.410078
74.0,27,1430.282412
94.0,7,1430.39104
93.0,8,1430.48409
93.0,8,1430.622716
92.0,9,1430.7642
70.0,31,1431.18335
78.0,23,1431.481042
70.0,31,1431.884898
95.0,6,1432.008228
93.0,8,1432.116441
62.0,39,1432.599027
94.0,7,1432.708453
77.0,24,1433.003054
94.0,7,1433.081179
82.0,19,1433.407512
81.0,20,1433.705023
93.0,8,1433.82851
80.0,21,1434.092127
68.0,33,1434.615328
94.0,7,1434.693369
92.0,9,1434.864253
61.0,40,1435.331031
83.0,18,1435.532357
80.0,21,1435.785865
79.0,22,1436.070055
74.0,27,1436.408216
86.0,15,1436.562915
93.0,8,1436.668223
75.0,26,1436.998118
92.0,9,1437.13178
89.0,12,1437.291205
95.0,6,1437.400553
93.0,8,1437.577874
68.0,33,1438.008259
94.0,7,1438.085374
94.0,7,1438.178114
94.0,7,1438.274034
68.0,33,1438.688518
93.0,8,1438.858044
94.0,7,1438.950494
93.0,8,1439.105687
93.0,8,1439.197655
67.0,34,1439.630041
73.0,28,1439.955702
94.0,7,1440.037472
74.0,27,1440.351977
95.0,6,1440.424292
93.0,8,1440.51691
93.0,8,1440.610117
95.0,6,1440.676056
94.0,7,1440.750159
94.0,7,1440.856579
70.0,31,1441.213629
94.0,7,1441.323206
87.0,14,1441.501431
70.0,31,1441.909781
94.0,7,1441.987106
94.0,7,1442.1102
69.0,32,1442.498886
86.0,15,1442.706213
94.0,7,1442.778478
94.0,7,1442.856099
77.0,24,1443.119317
94.0,7,1443.181252
84.0,17,1443.382682
92.0,9,1443.554241
68.0,33,1443.972971
93.0,8,1444.112792
93.0,8,1444.252336
94.0,7,1444.361126
73.0,23,1444.653719
94.0,7,1444.792812
93.0,8,1444.895953
93.0,8,1444.99694
94.0,7,1445.078025
94.0,7,1445.147205
93.0,8,1445.260816
92.0,9,1445.341952
92.0,9,1445.44714
94.0,7,1445.586976
82.0,19,1445.856086
74.0,22,1446.05808
94.0,7,1446.130899
67.0,34,1446.581208
78.0,23,1446.835823
86.0,15,1447.003597
95.0,6,1447.065028
95.0,6,1447.126891
94.0,7,1447.204066
74.0,27,1447.518496
68.0,33,1447.917421
94.0,7,1448.049767
73.0,28,1448.399762
94.0,7,1448.52344
20.0,71,1449.457072
95.0,6,1449.534327
93.0,8,1449.633629
91.0,10,1449.748865
66.0,35,1450.214015
86.0,15,1450.415863
95.0,6,1450.528851
94.0,7,1450.617738
83.0,18,1450.880754
82.0,19,1451.193184
95.0,6,1451.318167
73.0,23,1451.646002
81.0,20,1451.941547
94.0,7,1452.098245
94.0,7,1452.208083
76.0,25,1452.507459
63.0,38,1452.981883
95.0,6,1453.043626
95.0,6,1453.15256
93.0,8,1453.243827
94.0,7,1453.429977
93.0,8,1453.50844
69.0,32,1453.893555
94.0,7,1454.017445
93.0,8,1454.188107
75.0,26,1454.577218
86.0,15,1454.747213
95.0,6,1454.847488
69.0,32,1455.265948
93.0,8,1455.36868
94.0,7,1455.477743
83.0,18,1455.739669
82.0,19,1456.001151
66.0,35,1456.407345
50.0,46,1456.952366
68.0,33,1460.75586
69.0,32,1461.189984
65.0,36,1461.610444
93.0,8,1461.765291
83.0,18,1461.967373
82.0,19,1462.246742
93.0,8,1462.386999
92.0,9,1462.509745
94.0,7,1462.620713
60.0,41,1463.133989
73.0,28,1463.522442
39.0,52,1464.224305
58.0,43,1464.76732
92.0,9,1464.88978
94.0,7,1465.012325
93.0,8,1465.120637
69.0,32,1465.537054
95.0,6,1465.630666
92.0,9,1465.77015
94.0,7,1465.909144
73.0,28,1466.268115
76.0,25,1466.56807
94.0,7,1466.63959
92.0,9,1466.754493
80.0,21,1467.014538
94.0,7,1467.20056
67.0,34,1467.651902
59.0,42,1468.272319
91.0,10,1468.48879
95.0,6,1468.598469
95.0,6,1468.758781
64.0,37,1469.15777
93.0,8,1469.267443
94.0,7,1469.362224
94.0,7,1469.425797
93.0,8,1469.519077
94.0,7,1469.612405
76.0,25,1469.955001
94.0,7,1470.063006
94.0,7,1470.279998
91.0,10,1470.482999
95.0,6,1470.575997
94.0,7,1470.638997
80.0,21,1470.933554
93.0,8,1471.05809
74.0,27,1471.431694
69.0,32,1471.823282
93.0,8,1471.96221
94.0,7,1472.133209
93.0,8,1472.351095
68.0,33,1472.760182
86.0,15,1472.945196
69.0,32,1473.317702
94.0,7,1473.472736
69.0,32,1473.844525
83.0,18,1474.104848
95.0,6,1474.214996
66.0,35,1474.618707
94.0,7,1474.750672
94.0,7,1474.868578
93.0,8,1475.007888
90.0,11,1475.138619
74.0,27,1475.524903
93.0,8,1475.633837
61.0,40,1476.195791
87.0,14,1476.497804
91.0,10,1476.692815
93.0,8,1476.788438
74.0,27,1477.212935
95.0,6,1477.273174
94.0,7,1477.363053
94.0,7,1477.47151
93.0,8,1477.677421
80.0,21,1477.949163
67.0,34,1478.386819
94.0,7,1478.494656
93.0,8,1478.617478
91.0,10,1478.804317
93.0,8,1478.912581
94.0,7,1479.021563
81.0,20,1479.269815
94.0,7,1479.440275
93.0,8,1479.565149
93.0,8,1479.703426
93.0,8,1479.841671
81.0,20,1480.180831
76.0,25,1480.523215
94.0,7,1480.597423
67.0,34,1481.067458
94.0,7,1481.193271
93.0,8,1481.316492
69.0,32,1481.751677
77.0,24,1482.126759
76.0,25,1482.484781
94.0,7,1482.577781
77.0,24,1482.848782
69.0,32,1483.293357
62.0,34,1483.806088
93.0,8,1483.976017
65.0,36,1484.432919
93.0,8,1484.520856
63.0,33,1484.972813
94.0,7,1485.126774
93.0,8,1485.251717
74.0,27,1485.640556
93.0,8,1485.763715
94.0,7,1485.862597
86.0,15,1486.072864
93.0,8,1486.196427
94.0,7,1486.341612
93.0,8,1486.442214
80.0,21,1486.721839
93.0,8,1486.816145
66.0,35,1487.376679
92.0,9,1487.485582
94.0,7,1487.56312
94.0,7,1487.673326
95.0,6,1487.740604
68.0,33,1488.156309
77.0,24,1488.404334
66.0,35,1488.87584
76.0,25,1489.240624
94.0,7,1489.321921
85.0,16,1489.520107
74.0,27,1493.388245
94.0,7,1493.481485
81.0,20,1493.841141
81.0,20,1494.165121
94.0,7,1494.257762
94.0,7,1494.398896
92.0,9,1494.554511
60.0,36,1495.052835
94.0,7,1495.161865
70.0,31,1495.677571
85.0,16,1495.941911
72.0,29,1496.331975
94.0,7,1496.473454
95.0,6,1496.628598
94.0,7,1496.723311
95.0,6,1496.786311
93.0,8,1496.941876
94.0,7,1497.035499
73.0,28,1497.440312
93.0,8,1497.538711
94.0,7,1497.64445
95.0,6,1497.731139
93.0,8,1497.845947
94.0,7,1497.938484
83.0,18,1498.189569
70.0,31,1498.685772
93.0,8,1498.768045
95.0,6,1498.841087
70.0,31,1499.263067
95.0,6,1499.355304
95.0,6,1499.438891
70.0,31,1499.78632
79.0,22,1500.038482
93.0,8,1500.225019
94.0,7,1500.349185
95.0,6,1500.396704
94.0,7,1500.505944
83.0,18,1500.724954
55.0,46,1501.411947
94.0,7,1501.553586
85.0,16,1501.833153
94.0,7,1501.909596
87.0,14,1502.065442
94.0,7,1502.178414
93.0,8,1502.267656
94.0,7,1502.345926
93.0,8,1502.531013
94.0,7,1502.671181
94.0,7,1502.766143
81.0,20,1502.982746
94.0,7,1503.061036
87.0,14,1503.278391
94.0,7,1503.356919
95.0,6,1503.419036
95.0,6,1503.557986
69.0,32,1504.00893
93.0,8,1504.195681
94.0,7,1504.326575
95.0,6,1504.394374
59.0,37,1504.744749
95.0,6,1504.834784
92.0,9,1505.004887
95.0,6,1505.092967
94.0,7,1505.191156
94.0,7,1505.269841
94.0,7,1505.378703
86.0,15,1505.580927
94.0,7,1505.674907
56.0,35,1506.080817
77.0,24,1506.467204
92.0,9,1506.654715
82.0,19,1506.889609
92.0,9,1507.027564
55.0,41,1507.480421
93.0,8,1507.549126
95.0,6,1507.636492
94.0,7,1507.760947
80.0,21,1508.010539
95.0,6,1508.164851
82.0,19,1508.444992
18.0,68,1509.317785
94.0,7,1509.472889
95.0,6,1509.648468
75.0,26,1509.954594
82.0,19,1510.299269
93.0,8,1510.471078
84.0,17,1510.729963
93.0,8,1510.830018
61.0,40,1511.29469
66.0,35,1511.822793
72.0,29,1512.196863
94.0,7,1512.340511
93.0,8,1512.460921
68.0,33,1512.959667
94.0,7,1513.005712
95.0,6,1513.067639
70.0,31,1513.549273
94.0,7,1513.663298
94.0,7,1513.767384
64.0,37,1514.2021
81.0,20,1514.404333
93.0,8,1514.49566
89.0,12,1514.697013
94.0,7,1514.836546
94.0,7,1514.96001
92.0,9,1515.129822
95.0,6,1515.207977
94.0,7,1515.273684
94.0,7,1515.393765
93.0,8,1515.611077
94.0,7,1515.796384
86.0,15,1516.021619
74.0,27,1516.402204
94.0,7,1516.557884
71.0,30,1517.025313
94.0,7,1517.165452
93.0,8,1517.303904
82.0,19,1517.614598
94.0,7,1517.786319
76.0,25,1518.317507
94.0,7,1518.489908
94.0,7,1518.600804
86.0,15,1518.771868
68.0,33,1519.19347
93.0,8,1519.365004
68.0,33,1519.736967
92.0,9,1519.967773
91.0,10,1520.105411
93.0,8,1520.216862
94.0,7,1520.35579
75.0,26,1520.651726
68.0,33,1521.148466
95.0,6,1521.225846
94.0,7,1521.395702
94.0,7,1521.474329
94.0,7,1521.566886
92.0,9,1521.676388
94.0,7,1521.770144
94.0,7,1521.862983
94.0,7,1521.941262
82.0,19,1522.149366
72.0,29,1522.504498
